-- phpMyAdmin SQL Dump
-- version 4.8.3
-- https://www.phpmyadmin.net/
--
-- Host: localhost:3306
-- Generation Time: Apr 30, 2019 at 04:07 PM
-- Server version: 10.3.14-MariaDB
-- PHP Version: 7.2.7

SET SQL_MODE = "NO_AUTO_VALUE_ON_ZERO";
SET AUTOCOMMIT = 0;
START TRANSACTION;
SET time_zone = "+00:00";


/*!40101 SET @OLD_CHARACTER_SET_CLIENT=@@CHARACTER_SET_CLIENT */;
/*!40101 SET @OLD_CHARACTER_SET_RESULTS=@@CHARACTER_SET_RESULTS */;
/*!40101 SET @OLD_COLLATION_CONNECTION=@@COLLATION_CONNECTION */;
/*!40101 SET NAMES utf8mb4 */;

--
-- Database: `mutallco_rental`
--

-- --------------------------------------------------------

--
-- Table structure for table `agreement`
--

CREATE TABLE `agreement` (
  `agreement` int(11) NOT NULL,
  `room` int(11) NOT NULL,
  `client` int(11) NOT NULL,
  `amount` double DEFAULT NULL,
  `start_date` date NOT NULL,
  `duration` int(5) DEFAULT NULL,
  `review` int(5) DEFAULT NULL,
  `terminated` date DEFAULT NULL,
  `valid` int(1) NOT NULL,
  `comment` varchar(255) DEFAULT NULL
) ENGINE=InnoDB DEFAULT CHARSET=latin1;

--
-- Dumping data for table `agreement`
--

INSERT INTO `agreement` (`agreement`, `room`, `client`, `amount`, `start_date`, `duration`, `review`, `terminated`, `valid`, `comment`) VALUES
(1, 24, 1, 9500, '2014-04-01', 5, 3, NULL, 1, NULL),
(2, 5, 2, 5000, '2017-10-01', 5, 3, NULL, 1, NULL),
(3, 6, 2, 47880, '2012-04-01', 5, 3, NULL, 1, NULL),
(4, 31, 2, 0, '2013-10-01', 5, 3, NULL, 1, NULL),
(5, 32, 2, 0, '2013-10-01', 5, 3, NULL, 1, NULL),
(6, 33, 2, 5000, '2013-10-01', 5, 3, NULL, 1, NULL),
(7, 34, 2, 5000, '2013-10-01', 5, 3, NULL, 1, NULL),
(8, 36, 2, 5000, '2013-10-01', 5, 3, NULL, 1, NULL),
(9, 37, 2, 5000, '2013-10-01', 5, 3, NULL, 1, NULL),
(10, 39, 9, 11250, '2010-12-01', 5, 3, NULL, 1, NULL),
(11, 4, 3, 140000, '2015-01-01', 5, 3, NULL, 1, NULL),
(12, 2, 3, 0, '2015-01-01', 5, 3, NULL, 1, NULL),
(13, 23, 4, 12000, '2015-04-01', 5, 3, NULL, 1, NULL),
(14, 25, 6, 20000, '2015-04-01', 5, 3, NULL, 1, NULL),
(15, 3, 10, NULL, '2010-12-01', 5, 3, NULL, 0, NULL),
(16, 22, 11, 22000, '2015-06-01', 5, 3, '2018-11-01', 1, NULL),
(17, 28, 17, 20000, '2013-06-01', 5, 3, NULL, 1, NULL),
(18, 27, 14, 20000, '2014-05-01', 5, 3, NULL, 1, NULL),
(19, 21, 15, 20000, '2015-02-01', 5, 3, NULL, 1, NULL),
(20, 10, 18, 45000, '2013-04-01', 5, 3, '2019-03-31', 1, NULL),
(21, 20, 26, 20000, '2018-06-01', 5, 3, NULL, 1, NULL),
(22, 40, 19, NULL, '2017-12-01', 5, 2, NULL, 1, NULL),
(23, 9, 25, 20000, '2018-02-01', 5, 3, NULL, 1, NULL),
(24, 19, 7, 18000, '2017-07-01', 5, 3, NULL, 1, NULL),
(25, 8, 28, 20000, '2018-03-01', 5, 3, NULL, 1, NULL),
(26, 1, 27, 20000, '2018-09-01', 5, 3, NULL, 1, NULL),
(27, 16, 22, 20000, '2017-06-01', 5, 3, NULL, 1, NULL),
(28, 17, 20, 20000, '2017-01-01', 5, 3, NULL, 1, NULL),
(29, 14, 23, 16000, '2017-07-01', 5, 3, NULL, 1, NULL),
(30, 12, 21, 15000, '2017-02-01', 5, 3, NULL, 1, NULL),
(31, 11, 24, 14000, '2016-08-01', 5, 3, '2018-11-01', 1, NULL),
(32, 22, 29, 20000, '2018-12-01', 5, 3, NULL, 1, NULL),
(33, 7, 30, 20000, '2018-08-01', 5, 3, NULL, 1, NULL),
(34, 47, 3, 15000, '2017-01-01', 5, 3, NULL, 1, NULL),
(35, 48, 3, 0, '2018-01-01', 5, 3, NULL, 1, NULL),
(36, 49, 9, NULL, '2018-01-01', 5, 3, NULL, 1, NULL),
(37, 46, 2, NULL, '2013-10-01', 5, 3, NULL, 1, NULL),
(38, 44, 3, NULL, '2015-01-01', 5, 3, NULL, 1, NULL),
(39, 51, 2, 0, '2013-10-01', 5, 3, NULL, 1, NULL),
(40, 29, 31, 20000, '2019-03-01', 5, 3, NULL, 1, NULL),
(43, 52, 32, 145800, '2017-12-01', 5, 2, NULL, 1, NULL),
(44, 10, 18, 55020, '2019-04-01', 5, 3, NULL, 1, NULL);

-- --------------------------------------------------------

--
-- Stand-in structure for view `all_ebills`
-- (See below for the actual view)
--
CREATE TABLE `all_ebills` (
`due_date` date
,`num` varchar(255)
,`name` varchar(255)
,`current_amount` double
);

-- --------------------------------------------------------

--
-- Table structure for table `balance_initial`
--

CREATE TABLE `balance_initial` (
  `balance_initial` int(11) NOT NULL,
  `client` int(11) NOT NULL,
  `invoice` int(11) DEFAULT NULL,
  `date_g` date DEFAULT NULL,
  `amount_g` double DEFAULT NULL,
  `amount_v` double DEFAULT NULL,
  `amount` double DEFAULT NULL,
  `date_v` date DEFAULT NULL,
  `comment` varchar(255) DEFAULT NULL,
  `date` date NOT NULL
) ENGINE=InnoDB DEFAULT CHARSET=latin1;

--
-- Dumping data for table `balance_initial`
--

INSERT INTO `balance_initial` (`balance_initial`, `client`, `invoice`, `date_g`, `amount_g`, `amount_v`, `amount`, `date_v`, `comment`, `date`) VALUES
(1, 2, 2069, '2018-07-01', 42582, 32872, 32872, '2019-01-01', NULL, '2019-02-01'),
(2, 18, 2089, '2018-07-01', 3200, 12984, 12984, '2019-01-01', NULL, '2019-02-01'),
(3, 14, 2084, '2018-07-01', 65250, 116100, 116100, '2019-01-01', NULL, '2019-02-01'),
(4, 11, NULL, '2018-07-01', 350100, NULL, NULL, NULL, NULL, '2019-02-01'),
(5, 3, 2072, '2019-01-13', 498750, 201000, 201000, '2019-01-01', NULL, '2019-02-01'),
(6, 6, 2077, '2019-01-13', 130500, 158400, 223650, '2019-01-01', NULL, '2019-02-01'),
(7, 27, 2085, '2019-01-13', 67800, 27000, 0, '2019-01-01', NULL, '2019-02-01'),
(8, 1, 2067, '2019-01-13', 28500, 35950, 35950, '2019-01-01', NULL, '2019-02-01'),
(9, 15, 2087, '2019-01-13', 21750, 95820, 74070, '2019-01-01', NULL, '2019-02-01'),
(10, 20, 2088, '2019-01-13', 259550, 244600, 156350, '2019-01-01', NULL, '2019-02-01'),
(11, 21, 2079, '2019-01-13', 58300, 57550, 57550, '2019-01-01', NULL, '2019-02-01'),
(12, 23, 2090, '2019-01-13', 105500, 179450, 179450, '2019-01-01', NULL, '2019-02-01'),
(13, 7, 2078, '2019-01-13', 98500, 98250, 98000, '2019-01-01', NULL, '2019-02-01'),
(14, 28, 2082, '2019-01-13', 155950, 52250, 62800, '2019-01-01', NULL, '2019-02-01'),
(15, 9, 2081, '2019-01-13', 81780, 73744, 87442, '2019-01-01', NULL, '2019-02-01'),
(16, 17, 2083, NULL, NULL, 16500, 16500, '2019-01-01', NULL, '2019-02-01'),
(17, 4, 2074, NULL, NULL, -7500, 33750, '2019-01-01', NULL, '2019-02-01'),
(18, 22, 2086, NULL, NULL, 7600, 7600, '2019-01-01', NULL, '2019-02-01'),
(19, 32, 2070, NULL, NULL, 223620, 218700, '2019-01-01', NULL, '2019-02-01'),
(20, 25, 2076, NULL, NULL, 5750, 0, '2019-01-01', NULL, '2019-02-01'),
(21, 26, 2068, NULL, NULL, 0, 0, '2019-01-01', NULL, '2019-02-01'),
(22, 30, 2080, NULL, NULL, 117000, 117000, '2019-01-01', NULL, '2019-02-01'),
(23, 29, 2075, NULL, NULL, 200, 800, '2019-01-01', NULL, '2019-02-01'),
(24, 19, 2040, NULL, NULL, NULL, 36740, NULL, NULL, '2019-03-01');

-- --------------------------------------------------------

--
-- Table structure for table `business`
--

CREATE TABLE `business` (
  `business` int(11) NOT NULL,
  `name` varchar(255) NOT NULL,
  `ceo` varchar(255) DEFAULT NULL,
  `consumption` double DEFAULT NULL,
  `market_rent_price` double DEFAULT NULL,
  `water_cost` double DEFAULT NULL,
  `is_current` int(1) NOT NULL
) ENGINE=InnoDB DEFAULT CHARSET=latin1;

--
-- Dumping data for table `business`
--

INSERT INTO `business` (`business`, `name`, `ceo`, `consumption`, `market_rent_price`, `water_cost`, `is_current`) VALUES
(1, 'MUTALL INVESTIMENT CO. LTD', 'PETER MURAYA', 1, 50, 200, 1);

-- --------------------------------------------------------

--
-- Table structure for table `charge`
--

CREATE TABLE `charge` (
  `charge` int(11) NOT NULL,
  `service` int(11) NOT NULL,
  `invoice` int(11) NOT NULL,
  `name` varchar(255) DEFAULT NULL,
  `price` double DEFAULT NULL,
  `factor` double DEFAULT NULL,
  `amount` double DEFAULT NULL
) ENGINE=InnoDB DEFAULT CHARSET=latin1;

--
-- Dumping data for table `charge`
--

INSERT INTO `charge` (`charge`, `service`, `invoice`, `name`, `price`, `factor`, `amount`) VALUES
(1585, 1, 2076, 'gabbage', 250, 3, 750),
(1586, 2, 2076, 'security', 1300, 3, 3900),
(1587, 6, 2076, 'water', 200, 3, 600),
(1588, 1, 2078, 'gabbage', 250, 1, 250),
(1589, 2, 2078, 'security', 1300, 1, 1300),
(1590, 6, 2078, 'water', 200, 1, 200),
(1591, 1, 2079, 'gabbage', 250, 3, 750),
(1592, 2, 2079, 'security', 1300, 3, 3900),
(1593, 6, 2079, 'water', 200, 3, 600),
(1594, 1, 2080, 'gabbage', 250, 3, 750),
(1595, 2, 2080, 'security', 1300, 3, 3900),
(1596, 6, 2080, 'water', 200, 3, 600),
(1597, 1, 2081, 'gabbage', 250, 1, 250),
(1598, 2, 2081, 'security', 1300, 1, 1300),
(1599, 1, 2084, 'gabbage', 250, 3, 750),
(1600, 2, 2084, 'security', 1300, 3, 3900),
(1601, 6, 2084, 'water', 200, 3, 600),
(1602, 1, 2087, 'gabbage', 250, 1, 250),
(1603, 2, 2087, 'security', 1300, 1, 1300),
(1604, 6, 2087, 'water', 200, 1, 200),
(1605, 1, 2088, 'gabbage', 250, 1, 250),
(1606, 2, 2088, 'security', 1300, 1, 1300),
(1607, 6, 2088, 'water', 200, 1, 200),
(1616, 1, 2037, 'gabbage', 250, 3, 750),
(1617, 1, 2042, 'gabbage', 250, 3, 750),
(1618, 1, 2044, 'gabbage', 250, 3, 750),
(1619, 1, 2047, 'gabbage', 250, 1, 250),
(1620, 1, 2050, 'gabbage', 250, 1, 250),
(1621, 1, 2051, 'gabbage', 250, 3, 750),
(1622, 1, 2052, 'gabbage', 250, 3, 750),
(1623, 1, 2054, 'gabbage', 250, 3, 750),
(1624, 1, 2055, 'gabbage', 250, 3, 750),
(1625, 1, 2056, 'gabbage', 250, 1, 250),
(1626, 1, 2057, 'gabbage', 250, 1, 250),
(1627, 2, 2037, 'security', 1300, 3, 3900),
(1628, 2, 2042, 'security', 1300, 3, 3900),
(1629, 2, 2044, 'security', 1300, 3, 3900),
(1630, 2, 2047, 'security', 1300, 1, 1300),
(1631, 2, 2050, 'security', 1300, 1, 1300),
(1632, 2, 2051, 'security', 1300, 3, 3900),
(1633, 2, 2052, 'security', 1300, 3, 3900),
(1634, 2, 2054, 'security', 1300, 3, 3900),
(1635, 2, 2055, 'security', 1300, 3, 3900),
(1636, 2, 2056, 'security', 1300, 1, 1300),
(1637, 2, 2057, 'security', 1300, 1, 1300),
(1638, 5, 2039, 'general', 1500, 3, 4500),
(1639, 6, 2037, 'water', 200, 3, 600),
(1640, 6, 2042, 'water', 200, 3, 600),
(1641, 6, 2044, 'water', 200, 3, 600),
(1642, 6, 2047, 'water', 200, 1, 200),
(1643, 6, 2052, 'water', 200, 3, 600),
(1644, 6, 2054, 'water', 200, 3, 600),
(1645, 6, 2055, 'water', 200, 3, 600),
(1646, 6, 2056, 'water', 200, 1, 200),
(1647, 6, 2057, 'water', 200, 1, 200);

-- --------------------------------------------------------

--
-- Table structure for table `client`
--

CREATE TABLE `client` (
  `client` int(11) NOT NULL,
  `name` varchar(255) NOT NULL,
  `title` varchar(255) DEFAULT NULL,
  `quarterly` int(1) NOT NULL,
  `contact` varchar(255) DEFAULT NULL,
  `phone` varchar(255) DEFAULT NULL,
  `address` varchar(255) DEFAULT NULL,
  `email` varchar(255) DEFAULT NULL
) ENGINE=InnoDB DEFAULT CHARSET=latin1;

--
-- Dumping data for table `client`
--

INSERT INTO `client` (`client`, `name`, `title`, `quarterly`, `contact`, `phone`, `address`, `email`) VALUES
(1, 'afb', '4th Generation Capital Kenya Ltd.', 1, 'ASHLEY', '0712384729', '4916-00100,Kiserian', 'ian.githuku@4g-capital.com\r\n'),
(2, 'chicjoint', 'Chic Joint bar', 1, 'KEN KIMANI', '0722722678', '57513-00200,Nairobi', 'chikjoint@gmail.com'),
(3, 'deekos', 'Deekos', 1, 'MUREITHI WAMBUGU', '0721728360', NULL, 'deekosb@yahoo.com\r\n'),
(4, 'geocad', 'Geocad Investment Company Limited', 1, 'HUBERT', '0722 215731', '696-00206, Kiserian', 'jemimahndege@yahoo.com\r\n'),
(5, 'ipa', 'IPA Laboratories Limited(Kulisha Vyema)', 1, 'PETER KAMAU', NULL, '49582-00100,Nairobi', NULL),
(6, 'kaakua', 'Riees Kaakua', 1, 'PETER KAAKUA', '0722879127', NULL, 'rieskaakua.com@gmail.com\r\n'),
(7, 'kca', 'Kiseria College of Accountancy', 0, 'YUSUF', NULL, NULL, 'yusufuosando@gmail.com\r\n'),
(8, 'kashanga', 'Kashanga properties', 1, 'TITUS SAITOTI', '0721914565', NULL, NULL),
(9, 'kinyozi', 'A Proudly Kenyan Investment', 0, 'LILIAN MUNGAI', '0722350361', '108-00206,Kiserian', NULL),
(10, 'lovinah', 'Lovinah beauty shop', 1, NULL, NULL, NULL, NULL),
(11, 'masabi', 'Masabi Ranch', 0, 'DENNIS', NULL, NULL, NULL),
(12, 'misatis', 'Misatis Restaurant', 1, NULL, NULL, NULL, NULL),
(13, 'mwamba', 'Mwamba properties', 1, 'NOAH', '0724907442', NULL, NULL),
(14, 'oigilai', 'Oigilai properies', 1, 'ISAAC LEBOI', '0720888511', NULL, 'kleboi07@gmail.com\r\n'),
(15, 'sidai', 'Sidai(J.Ondari &Advocates)', 0, 'ELIZABETH', '0720420073', NULL, 'sidaigroup@gmail.com\r\n'),
(16, 'fairdeal', 'Fair deal/Oreteti properties', 0, 'RICHARD KIRISIA', '0712390301', NULL, NULL),
(17, 'naikuni', 'Naikuni(Reto Works Ltd)', 1, 'DANIEL SINKIRA', '0722616983', '345-00206, Kiserian', 'kiserian@nnm.co.ke\r\n'),
(18, 'ukristo', 'Ukristo and Ufanisi Sacco ltd', 1, 'BORNIFACE', '0722758079', '872-00605,Nairobi', 'kiserian@ukristonaufanisicoop.com\r\n'),
(19, 'coop/kiserian', 'Co-operative Bank - Kiserian', 0, NULL, NULL, NULL, 'kiserianbr@co-opbank.co.ke\r\n'),
(20, 'simaloy', 'Simaloy company Advocates', 0, NULL, NULL, NULL, 'simadvo@yahoo.com\r\n'),
(21, 'kecobat', 'Kecobat', 1, NULL, NULL, NULL, NULL),
(22, 'plotec', 'Plotec Limited', 1, NULL, NULL, NULL, 'plotecltd4@gmail.com\r\n'),
(23, 'vane ', 'Vane Kwamboka & Co Advocate', 1, NULL, NULL, NULL, 'vanekwambokaadvocates@gmail.com\r\n'),
(24, 'puan', 'Puuan Emaa Housing', 0, NULL, NULL, NULL, NULL),
(25, 'green', 'Green Pharm Investment', 1, NULL, NULL, NULL, 'greenpharminvestiment@gmail.com\r\n'),
(26, 'archihub', 'Archihub Construction', 1, NULL, NULL, NULL, 'archihubconstruction@yahoo.com\r\n'),
(27, 'orusa', 'Orusa Tours and Travel Ltd', 1, NULL, NULL, NULL, 'info@orusatours.com\r\n'),
(28, 'maa', 'Maa Steaks', 1, NULL, NULL, NULL, 'fredrickchomba@ymail.com\r\n'),
(29, 'girlchild', 'Girl Child Network', 1, 'John, Finance manager', '0727138767', NULL, 'gcn@girlchildnetwork.org\r\n'),
(30, 'kerea', 'Chairman, Oloolaiser Water', 1, 'Kerea, Chairman Oloolaiser', '0722659586', NULL, NULL),
(31, 'forces', 'Forces Network Global', 1, NULL, NULL, NULL, NULL),
(32, 'coop/hq', 'Co-operative Bank - Hq', 1, NULL, NULL, NULL, NULL);

-- --------------------------------------------------------

--
-- Table structure for table `closing_balance`
--

CREATE TABLE `closing_balance` (
  `closing_balance` int(11) NOT NULL,
  `invoice` int(11) NOT NULL,
  `amount` double DEFAULT NULL,
  `posted` int(1) NOT NULL
) ENGINE=InnoDB DEFAULT CHARSET=latin1;

--
-- Dumping data for table `closing_balance`
--

INSERT INTO `closing_balance` (`closing_balance`, `invoice`, `amount`, `posted`) VALUES
(1271, 2036, 40055.056666666664, 1),
(1272, 2037, 284.875, 1),
(1273, 2038, 32872, 1),
(1274, 2039, 218700, 1),
(1275, 2040, NULL, 1),
(1276, 2041, 201000, 1),
(1277, 2042, NULL, 1),
(1278, 2043, 37855.056666666664, 1),
(1279, 2044, 800, 1),
(1280, 2045, 65250, 1),
(1281, 2046, 223650, 1),
(1282, 2047, 118034.875, 1),
(1283, 2048, 107595.355, 1),
(1284, 2049, 182250, 1),
(1285, 2050, 100242, 1),
(1286, 2051, 62800, 1),
(1287, 2052, 16500, 1),
(1288, 2053, 181773.635, 1),
(1289, 2054, 423.635, 1),
(1290, 2055, 8243.47, 1),
(1291, 2056, 99925.05666666667, 1),
(1292, 2057, 178743.47, 1),
(1293, 2058, 12984, 1),
(1294, 2059, 179450, 1),
(1302, 2098, 42753.11333333333, 1),
(1303, 2099, 65534.875, 1),
(1304, 2100, 32872, 1),
(1305, 2101, 660600, 1),
(1306, 2102, 36740, 1),
(1307, 2103, 201000, 1),
(1308, 2104, 25550, 1),
(1309, 2105, 3803.1133333333273, 1),
(1310, 2106, 66050, 1),
(1311, 2107, 65250, 1),
(1312, 2108, 223650, 1),
(1313, 2109, 117784.875, 1),
(1314, 2110, 107398.70999999999, 1),
(1315, 2111, 182250, 1),
(1316, 2112, 100542, 1),
(1317, 2113, 117450, 1),
(1318, 2114, 81750, 1),
(1319, 2115, 182551.27000000002, 1),
(1320, 2116, 66027.27, 1),
(1321, 2117, 74539.44, 1),
(1322, 2118, 124373.11333333334, 1),
(1323, 2119, 181539.44, 1),
(1324, 2120, 12984, 1),
(1325, 2121, 179450, 1),
(1335, 2132, 42407.65583333332, 0),
(1336, 2133, 150.25, 0),
(1337, 2134, 218911.72, 0),
(1338, 2135, 660600, 0),
(1339, 2136, 36740, 0),
(1340, 2137, 666000, 0),
(1341, 2138, 76550, 0),
(1342, 2139, 68657.65583333332, 0),
(1343, 2140, 67904.5425, 0),
(1344, 2141, 0, 0),
(1345, 2142, 288900, 0),
(1346, 2143, 140685.25, 0),
(1347, 2144, 16348.709999999992, 0),
(1348, 2145, 182250, 0),
(1349, 2146, 85762, 0),
(1350, 2147, 105450, 0),
(1351, 2148, 81750, 0),
(1352, 2149, -2344.594999999972, 0),
(1353, 2150, 115881.405, 0),
(1354, 2151, 10952.399998652036, 0),
(1355, 2152, 65139.65583333335, 0),
(1356, 2153, 165778.41999932603, 0),
(1357, 2154, 178944, 0),
(1358, 2155, 107700, 0);

-- --------------------------------------------------------

--
-- Table structure for table `credit`
--

CREATE TABLE `credit` (
  `credit` int(11) NOT NULL,
  `client` int(11) NOT NULL,
  `invoice` int(11) DEFAULT NULL,
  `reason` varchar(255) NOT NULL,
  `date` date NOT NULL,
  `amount` double DEFAULT NULL
) ENGINE=InnoDB DEFAULT CHARSET=latin1;

--
-- Dumping data for table `credit`
--

INSERT INTO `credit` (`credit`, `client`, `invoice`, `reason`, `date`, `amount`) VALUES
(1, 27, 2054, 'Wrong calculation', '2019-02-28', 424),
(2, 1, NULL, 'Wrong Opening Balance on 1/2/2019 from 35950 to 7450', '2019-03-29', 28500),
(3, 31, 2042, 'Payment for 2 months rent deposit', '2019-02-21', 40000),
(4, 2, NULL, 'Water overcharge for Dec.2018 from Ksh. 8979 to 7500', '2019-03-06', 1479),
(5, 2, NULL, 'Opening balance, Overcharge, from Ksh. 42557 to 40103 on March 2019', '2019-03-06', 2454),
(6, 2, NULL, 'Electricity anormally, 32850 against expected 25000 on Nov. 2018', '2019-03-06', 7800),
(9, 2, NULL, 'Water overcharge of Ksh 12167.08 to expected 7500 on Nov. 2018', '2019-03-06', 4669.08),
(10, 2, NULL, 'Water overcharge of Ksh 13229.2 to expected 7500 on Oct. 2018', '2019-03-06', 5729.2),
(11, 2, NULL, 'Water overcharge of ksh 12629 to expected 7500 ON Sep. 2018', '2019-03-06', 5129),
(12, 2, NULL, 'Water overcharge of Ksh 12840 to expected 7500 on Aug. 2018', '2019-03-06', 5340),
(13, 21, NULL, 'Wrong opening balance on 1/2/2019 From 57,550 To -18,500', '2019-03-27', 76050),
(14, 15, NULL, 'Wrong Initial Balance On 1/2/2010 From 74,070 to 55,750', '2019-03-27', 18320),
(15, 9, NULL, 'Wrong Opening Balance on 1/2/2019 from 87,442 to 75,562', '2019-03-27', 11880),
(16, 15, NULL, 'Wrong Opening Balance on 1/2/2019 from 74,070 to 55,750', '2019-03-27', 18320),
(17, 20, NULL, 'Adjustment for Electricity on 1/2/2019 from 943 to 628 (1/3)', '2019-03-31', 315),
(18, 20, NULL, 'Adjustment for Electricity on 1/3/2019 from 1046 to 678 (1/3)', '2019-03-31', 370),
(19, 21, NULL, 'deposit adjustment from 49000 to 34000', '2019-03-31', 15000),
(20, 1, NULL, 'discard of opening balance brought forward from 2016.', '2019-03-31', 7450),
(23, 14, NULL, 'Payment by cheque No.000046 ', '2019-03-31', 63000),
(24, 14, NULL, 'Payment by cheque No.001140 ', '2019-03-31', 63000),
(26, 6, NULL, 'Adjusting the closing balance from 288900 to 272250 ', '2019-04-10', 16650),
(27, 9, NULL, 'Rent charges from 11500 to 11250 for all months from October 2017', '2019-04-25', 4250);

-- --------------------------------------------------------

--
-- Table structure for table `debit`
--

CREATE TABLE `debit` (
  `debit` int(11) NOT NULL,
  `client` int(11) NOT NULL,
  `invoice` int(11) DEFAULT NULL,
  `reason` varchar(255) NOT NULL,
  `date` date NOT NULL,
  `amount` double DEFAULT NULL
) ENGINE=InnoDB DEFAULT CHARSET=latin1;

--
-- Dumping data for table `debit`
--

INSERT INTO `debit` (`debit`, `client`, `invoice`, `reason`, `date`, `amount`) VALUES
(1, 31, NULL, 'Charge for 2 month rent deposit', '2019-03-01', 40000),
(2, 31, NULL, 'Charge for water deposit', '2019-03-01', 900),
(3, 31, NULL, 'Charge for security deposit', '2019-03-01', 4500),
(4, 31, 2042, 'Charge for garbage deposit', '2019-02-01', 300),
(5, 4, NULL, 'Wrong Opening Balance on 1/2/2019 from 33,750 to 14,250+41,250', '2019-03-27', 21750),
(6, 20, NULL, 'Wrong Opening Balance on 1/2/2019 from 156,350 to 168,850', '2019-03-27', 12500),
(7, 7, NULL, 'Wrong Opening Balance on 1/2/2019 from 98,000 to 101,000)', '2019-03-27', 3000),
(8, 27, NULL, 'Wrong Opening Balance on 1/2/2019 from 0 to 48750', '2019-03-27', 48750),
(9, 22, NULL, 'Adjustment for Electricity on 1/2/2019 by sh. 315 to get to 2/3 as agreed with Simaloy', '2019-03-04', 315),
(10, 22, NULL, 'Adjustment for Electricity on 1/3/2019 by sh. 370 to get to 2/3 as agreed with Simaloy', '2019-04-03', 370),
(11, 31, NULL, 'Under charge for garbage deposit', '2019-03-01', 600),
(12, 31, NULL, 'Electricity Deposit', '2019-03-01', 5000);

-- --------------------------------------------------------

--
-- Table structure for table `eaccount`
--

CREATE TABLE `eaccount` (
  `eaccount` int(11) NOT NULL,
  `num` varchar(255) NOT NULL,
  `name` varchar(255) DEFAULT NULL,
  `is_invalid` int(1) NOT NULL,
  `comment` varchar(255) DEFAULT NULL,
  `source` varchar(255) DEFAULT NULL
) ENGINE=InnoDB DEFAULT CHARSET=latin1;

--
-- Dumping data for table `eaccount`
--

INSERT INTO `eaccount` (`eaccount`, `num`, `name`, `is_invalid`, `comment`, `source`) VALUES
(1, '29304136', 'kinyozi', 0, NULL, 'old,grace,wycliff'),
(2, '29304128', 'kulisha vyema,Co.op. Bank', 0, NULL, 'old,grace,wycliff'),
(3, '29304185', 'chic joint', 0, NULL, 'old,wycliff'),
(4, '34030692', 'rekk', 0, NULL, 'old,grace'),
(5, '44573251', 'Misatis,Not Assigned', 0, NULL, 'old,grace,wycliff'),
(6, '38743197', 'mwamba properties,Kajiado School,Archihub construction ltd', 0, NULL, 'old,grace,wycliff'),
(7, '40490773', 'sidai/masati ranch oltepesi/geocad_ enterprises/4g_capital,Masabi ranch oltepesi,4th Generation,Transcounty investment company,Geocad Enterprises ltd,Ries Kaakua & Co.Advocates,Vacant room', 0, NULL, 'old,grace,wycliff'),
(8, '38743227', 'naikuni ngaah and miencha,Naikuni Ngaah & Miencha', 0, NULL, 'old,wycliff'),
(9, '34030668', 'car wash,Welding room', 0, NULL, 'old,grace,wycliff'),
(10, '38743254', 'ukristo,Ukiristo', 0, NULL, 'old,wycliff'),
(11, '40490732', 'Puan Sacco,Not Assigned', 0, NULL, 'old,wycliff'),
(12, '38743155', 'oreteti  properties', 0, NULL, 'old,grace'),
(13, '48119382', 'deekos 3-phase', 0, NULL, 'old,wycliff'),
(14, '29304144', 'common services/securitys,Mutall Office & security power', 0, NULL, 'old,grace,wycliff'),
(15, '29304169', 'deekos 1-phase', 0, NULL, 'old,wycliff'),
(16, '34030593', 'afb,Green firm investment', 0, NULL, 'old,wycliff'),
(17, '34030627', 'Vane Kwamboka/Kajido school,Vane Kwamboka & Co. Advocates', 0, NULL, 'old,grace,wycliff'),
(18, '34030643', 'lovinah beauty/land surveyors', 0, NULL, 'old,grace,wycliff'),
(19, '40490765', 'hall/meeting room,Store[small room]', 0, NULL, 'old,grace,wycliff'),
(20, '40490757', 'Kaakua + New olgilai0ooiii', 0, NULL, 'old,grace,wycliff'),
(21, '40490724', 'Kecobat/Old olgilai,Puan Emaa Housing', 0, NULL, 'old,wycliff'),
(22, '44573319', 'Dead meter 61690012 replaced with this new one,Not Assigned', 0, NULL, 'old,wycliff'),
(23, '44573277', 'not assigned', 0, NULL, 'old,grace,wycliff'),
(24, '44573368', 'not assigned', 0, NULL, 'old,wycliff'),
(25, '44573236', 'not assigned', 0, NULL, 'old,grace,wycliff'),
(26, '44573327', 'not assigned', 0, NULL, 'old,wycliff'),
(27, '44573376', 'New kashanga,Store[small room],Plotect,Simaloy', 0, NULL, 'old,grace,wycliff'),
(28, '44573400', 'not assigned,Maa steaks', 0, NULL, 'old,grace,wycliff'),
(29, '44573293', 'not assigned', 0, NULL, 'old,grace,wycliff'),
(30, '44573343', 'meeting room/Facing road next to Misatis,Store[big room]', 0, NULL, 'old,grace,wycliff'),
(31, '103840201', 'Coop. Bank', 0, NULL, 'website');

-- --------------------------------------------------------

--
-- Table structure for table `ebill`
--

CREATE TABLE `ebill` (
  `ebill` int(11) NOT NULL,
  `msg` int(11) DEFAULT NULL,
  `eaccount` int(11) NOT NULL,
  `invoice` int(11) DEFAULT NULL,
  `due_date` date NOT NULL,
  `current_amount` double DEFAULT NULL
) ENGINE=InnoDB DEFAULT CHARSET=latin1;

--
-- Dumping data for table `ebill`
--

INSERT INTO `ebill` (`ebill`, `msg`, `eaccount`, `invoice`, `due_date`, `current_amount`) VALUES
(19, NULL, 3, 2069, '2019-01-24', 0.52),
(20, NULL, 28, 2082, '2019-01-24', 13131.07),
(21, NULL, 6, 2068, '2019-01-24', 569.75),
(22, NULL, 17, 2090, '2019-01-24', 390.11),
(23, 43, 30, 2080, '2019-01-24', 4438.96),
(24, 44, 27, 2086, '2019-01-24', 1286.94),
(25, 45, 26, NULL, '2019-01-24', 692.04),
(27, 47, 29, NULL, '2019-01-24', 2250.75),
(28, 48, 24, NULL, '2018-12-25', 353.76),
(29, 49, 25, NULL, '2019-01-24', 5036.43),
(30, 50, 23, NULL, '2019-01-25', 1466.05),
(31, 51, 21, 2079, '2019-01-24', -409.29),
(32, 52, 31, 2071, '2019-01-25', -68.95),
(33, 53, 20, 2084, '2019-01-24', 847.27),
(37, 57, 18, NULL, '2019-01-24', 123.89),
(38, 58, 19, 2073, '2019-01-24', -0.09),
(42, 62, 16, 2076, '2019-01-25', 3543.84),
(43, 63, 15, NULL, '2018-12-25', 3252.08),
(45, 65, 1, 2081, '2018-11-27', 4185.93),
(46, 66, 3, 2069, '2018-11-26', -30.48),
(47, 67, 4, NULL, '2018-11-26', 1842.86),
(48, 68, 2, NULL, '2018-11-26', 1299.32),
(49, 69, 5, NULL, '2018-11-26', 1098.43),
(392, 462, 27, 2055, '2019-02-18', 2091.94),
(393, 463, 28, 2051, '2019-02-18', 30455.07),
(394, 464, 19, 2042, '2019-02-18', -0.09),
(395, 465, 12, NULL, '2019-02-18', 489.31),
(396, 466, 8, 2052, '2019-02-18', -5498.66),
(397, 467, 30, 2049, '2019-02-18', 4592.96),
(400, 470, 17, 2059, '2019-02-18', 736.11),
(401, 471, 14, NULL, '2019-02-18', 17949.12),
(402, 472, 29, NULL, '2019-02-18', 2895.75),
(403, 473, 31, 2040, '2019-02-18', 529.05),
(404, 474, 21, 2048, '2019-02-18', -393.29),
(405, 475, 7, 2036, '2019-02-18', 8094.17),
(406, 476, 18, NULL, '2019-02-18', 784.89),
(407, 477, 22, NULL, '2019-02-18', 2956.31),
(408, 478, 9, NULL, '2019-02-18', 3257.16),
(409, 479, 13, 2041, '2019-02-18', 94028.28),
(410, 480, 26, NULL, '2019-02-18', 846.89),
(411, 481, 25, NULL, '2019-02-18', 5036.43),
(413, 483, 20, 2053, '2019-02-18', 1555.27),
(414, 484, 14, NULL, '2019-01-19', 17364.12),
(415, 485, 23, NULL, '2019-01-18', 1466.05),
(416, 486, 1, 2081, '2019-01-18', 6851.93),
(417, 487, 31, 2071, '2019-01-18', 40.05),
(418, 488, 7, 2067, '2019-01-18', 12315.17),
(419, 489, 16, 2076, '2019-01-18', 3543.84),
(420, 490, 13, 2072, '2019-01-18', 64191.28),
(421, 491, 26, NULL, '2019-01-17', 692.04),
(422, 492, 12, NULL, '2019-01-17', 426.31),
(423, 493, 20, 2084, '2019-01-17', 847.27),
(424, 494, 29, NULL, '2019-01-17', 2250.75),
(425, 495, 9, NULL, '2019-01-17', 2281.16),
(426, 496, 27, 2086, '2019-01-17', 1886.94),
(427, 497, 8, 2083, '2019-01-17', -6065.66),
(428, 498, 21, 2079, '2019-01-17', 590.71),
(429, 499, 10, 2089, '2019-01-17', 551.66),
(430, 500, 19, 2073, '2019-01-17', 832.91),
(432, 504, 30, 2080, '2019-01-17', 4438.96),
(433, 509, 9, NULL, '2018-10-14', 887.16),
(434, 510, 19, 2073, '2018-10-14', 1442.91),
(435, 512, 17, 2090, '2018-10-14', 618.11),
(437, 514, 1, 2081, '2018-10-14', 4067.93),
(439, 516, 25, NULL, '2018-10-14', 4384.43),
(441, 519, 10, 2089, '2018-10-14', 13930.66),
(443, 521, 16, 2076, '2018-10-14', 2094.84),
(446, 524, 13, 2072, '2018-10-14', 95930.28),
(448, 526, 8, 2083, '2018-10-14', 824.34),
(450, 529, 14, NULL, '2018-10-14', 6205.12),
(452, 531, 26, NULL, '2018-10-14', 692.04),
(454, 533, 7, 2067, '2018-10-14', 23089.17),
(456, 535, 18, NULL, '2018-10-14', 300.89),
(458, 537, 21, 2079, '2018-10-14', 419.71),
(460, 539, 12, NULL, '2018-10-14', 106.31),
(462, 541, 27, 2086, '2018-10-14', 2009.94),
(464, 544, 31, 2071, '2018-10-05', -778.95),
(697, 787, 10, 2058, '2019-02-19', 18317.66),
(1570, 1830, 25, NULL, '2019-03-31', 5036.43),
(1572, 1832, 23, NULL, '2019-03-31', 1466.05),
(1573, 1833, 22, NULL, '2019-02-25', 2956.31),
(1574, 1834, 21, NULL, '2019-03-31', -377.29),
(1575, 1835, 30, NULL, '2019-03-31', 4592.96),
(1576, 1836, 29, NULL, '2019-03-31', 2895.75),
(1577, 1837, 13, NULL, '2019-03-31', 103159.28),
(1578, 1838, 7, NULL, '2019-03-31', 7418.17),
(1579, 1839, 28, NULL, '2019-03-31', 35332.07),
(1580, 1840, 6, NULL, '2019-03-31', 300.75),
(1581, 1841, 27, NULL, '2019-03-31', 2021.94),
(1582, 1842, 14, NULL, '2019-03-31', 14678.12),
(1583, 1843, 12, NULL, '2019-03-31', 536.31),
(1584, 1844, 11, NULL, '2018-12-24', 685.47),
(1585, 1845, 9, NULL, '2019-03-31', 3335.16),
(1586, 1846, 10, NULL, '2019-03-31', 24325.66),
(1587, 1847, 8, NULL, '2019-03-31', -5109.66),
(1588, 1848, 31, NULL, '2019-03-31', 197383.05),
(1590, 1850, 26, NULL, '2019-03-31', 708.04),
(1592, 1852, 20, NULL, '2019-03-31', 2208.27),
(1593, 1853, 19, NULL, '2019-03-31', 46.91),
(1594, 1854, 18, NULL, '2019-03-31', 746.89),
(1595, 1855, 17, NULL, '2019-03-31', 1156.11),
(1596, 1856, 16, NULL, '2019-03-31', 9074.84),
(1598, 1858, 5, NULL, '2019-03-31', 2035.43),
(1599, 1859, 4, NULL, '2019-03-31', 2611.86),
(1600, 1860, 3, NULL, '2019-03-31', 10942.52),
(1601, 1861, 1, NULL, '2019-03-31', 3262.93),
(1602, 1862, 2, NULL, '2019-03-31', 1331.32);

-- --------------------------------------------------------

--
-- Table structure for table `econnection`
--

CREATE TABLE `econnection` (
  `econnection` int(11) NOT NULL,
  `room` int(11) NOT NULL,
  `emeter` int(11) NOT NULL,
  `rate` int(10) DEFAULT NULL,
  `start_date` date DEFAULT NULL,
  `end_date` date NOT NULL,
  `start_reading` int(10) DEFAULT NULL,
  `share` int(11) DEFAULT NULL
) ENGINE=InnoDB DEFAULT CHARSET=latin1;

--
-- Dumping data for table `econnection`
--

INSERT INTO `econnection` (`econnection`, `room`, `emeter`, `rate`, `start_date`, `end_date`, `start_reading`, `share`) VALUES
(1, 40, 32, NULL, '2018-06-25', '2030-12-31', NULL, 1),
(2, 3, 18, NULL, '2018-06-25', '2030-12-31', NULL, 1),
(3, 4, 13, NULL, '2018-06-25', '2030-12-31', NULL, 1),
(4, 6, 3, NULL, '2018-06-25', '2030-12-31', NULL, 1),
(5, 31, 3, NULL, '2018-06-25', '2030-12-31', NULL, 1),
(6, 32, 3, NULL, '2018-06-25', '2030-12-31', NULL, 1),
(7, 33, 3, NULL, '2018-06-25', '2030-12-31', NULL, 1),
(8, 34, 3, NULL, '2018-06-25', '2030-12-31', NULL, 1),
(9, 35, 3, NULL, '2018-06-25', '2030-12-31', NULL, 1),
(10, 36, 3, NULL, '2018-06-25', '2030-12-31', NULL, 1),
(11, 39, 1, NULL, '2018-06-25', '2030-12-31', NULL, 1),
(12, 41, 9, NULL, '2018-06-25', '2030-12-31', NULL, 1),
(13, 8, 28, NULL, '2018-06-25', '2030-12-31', NULL, 1),
(14, 10, 10, NULL, '2018-06-25', '2030-12-31', NULL, 1),
(15, 12, 21, NULL, '2018-06-25', '2030-12-31', NULL, 1),
(16, 11, 21, NULL, '2018-06-25', '2030-12-31', NULL, 1),
(17, 13, 12, NULL, '2018-06-25', '2030-12-31', NULL, 1),
(18, 14, 17, NULL, '2018-06-25', '2030-12-31', NULL, 1),
(19, 15, 27, NULL, '2018-06-25', '2030-12-31', NULL, 1),
(20, 16, 27, NULL, '2018-06-25', '2030-12-31', NULL, 2),
(21, 17, 27, NULL, '2018-06-25', '2030-12-31', NULL, 1),
(22, 18, 27, NULL, '2018-06-25', '2030-12-31', NULL, 1),
(23, 7, 30, NULL, '2018-06-25', '2030-12-31', NULL, 1),
(24, 19, 6, NULL, '2018-06-25', '2030-12-31', NULL, 1),
(25, 20, 6, NULL, '2018-06-25', '2030-12-31', NULL, 1),
(26, 21, 7, NULL, '2018-06-25', '2030-12-31', NULL, 1),
(27, 22, 7, NULL, '2018-06-25', '2030-12-31', NULL, 1),
(28, 24, 7, NULL, '2018-06-25', '2030-12-31', NULL, 1),
(30, 23, 7, NULL, '2018-06-25', '2030-12-31', NULL, 1),
(31, 27, 20, NULL, '2018-06-25', '2030-12-31', NULL, 1),
(32, 28, 8, NULL, '2018-06-25', '2030-12-31', NULL, 1),
(33, 29, 19, NULL, '2018-06-25', '2030-12-31', NULL, 1),
(34, 30, 19, NULL, '2018-06-25', '2030-12-31', NULL, 1),
(35, 42, 31, NULL, '2018-06-25', '2030-12-31', NULL, 1),
(36, 37, 3, NULL, '2018-06-25', '2030-12-31', NULL, 1),
(37, 2, 13, NULL, '2018-06-25', '2030-12-31', NULL, 1),
(38, 1, 20, NULL, '2018-06-25', '2030-12-31', NULL, 1),
(39, 9, 16, NULL, '2018-06-25', '2030-12-31', NULL, 1),
(40, 25, 20, NULL, '2018-06-25', '2030-12-31', NULL, 0),
(41, 38, 1, NULL, '2018-06-25', '2030-12-31', NULL, 1);

-- --------------------------------------------------------

--
-- Table structure for table `electricity`
--

CREATE TABLE `electricity` (
  `electricity` int(11) NOT NULL,
  `eaccount` int(11) NOT NULL,
  `invoice` int(11) NOT NULL,
  `eaccount_no` varchar(30) DEFAULT NULL,
  `emeter_no` varchar(30) DEFAULT NULL,
  `due_date` date DEFAULT NULL,
  `payable_to_kplc` double DEFAULT NULL,
  `sharing` varchar(20) DEFAULT NULL,
  `amount` double DEFAULT NULL
) ENGINE=InnoDB DEFAULT CHARSET=latin1;

--
-- Dumping data for table `electricity`
--

INSERT INTO `electricity` (`electricity`, `eaccount`, `invoice`, `eaccount_no`, `emeter_no`, `due_date`, `payable_to_kplc`, `sharing`, `amount`) VALUES
(1240, 7, 2067, '40490773', '61525000', '2019-01-18', 12315.17, '3', 4105.056666666666),
(1241, 6, 2068, '38743197', '61503300', '2019-01-24', 569.75, '2', 284.875),
(1242, 3, 2069, '29304185', '60315078', '2019-01-24', 0.52, '1', NULL),
(1243, 31, 2071, '103840201', '62221603', '2019-01-25', -68.95, '1', NULL),
(1244, 13, 2072, '48119382', '61579934', '2019-01-18', 64191.28, '1', NULL),
(1245, 19, 2073, '40490765', '61431462', '2019-01-24', -0.09, '1', NULL),
(1246, 7, 2074, '40490773', '61525000', '2019-01-18', 12315.17, '3', 4105.056666666666),
(1247, 16, 2076, '34030593', '60926311', '2019-01-25', 3543.84, '1', NULL),
(1248, 6, 2078, '38743197', '61503300', '2019-01-24', 569.75, '2', 284.875),
(1249, 21, 2079, '40490724', '61431467', '2019-01-24', -409.29, '2', -204.645),
(1250, 30, 2080, '44573343', '61728536', '2019-01-24', 4438.96, '1', NULL),
(1251, 1, 2081, '29304136', '60330355', '2019-01-18', 6851.93, '1', NULL),
(1252, 28, 2082, '44573400', '61712928', '2019-01-24', 13131.07, '1', NULL),
(1253, 8, 2083, '38743227', '61503299', '2019-01-17', -6065.66, '1', NULL),
(1254, 20, 2084, '40490757', '61431466', '2019-01-24', 847.27, '2', 423.635),
(1255, 20, 2085, '40490757', '61431466', '2019-01-24', 847.27, '2', 423.635),
(1256, 27, 2086, '44573376', '61699428', '2019-01-24', 1286.94, '2', 643.47),
(1257, 7, 2087, '40490773', '61525000', '2019-01-18', 12315.17, '3', 4105.056666666666),
(1258, 27, 2088, '44573376', '61699428', '2019-01-24', 1286.94, '2', 643.47),
(1259, 10, 2089, '38743254', '61423338', '2019-01-17', 551.66, '1', NULL),
(1260, 17, 2090, '34030627', '60925314', '2019-01-24', 390.11, '1', NULL),
(1271, 7, 2036, '40490773', '61525000', '2019-02-18', 8094.17, '3', 2698.056666666667),
(1272, 6, 2037, '38743197', '61503300', NULL, NULL, '2', NULL),
(1273, 3, 2038, '29304185', '60315078', NULL, NULL, '1', NULL),
(1274, 31, 2040, '103840201', '62221603', '2019-02-18', 529.05, '1', NULL),
(1275, 13, 2041, '48119382', '61579934', '2019-02-18', 94028.28, '1', NULL),
(1276, 19, 2042, '40490765', '61431462', '2019-02-18', -0.09, '1', NULL),
(1277, 7, 2043, '40490773', '61525000', '2019-02-18', 8094.17, '3', 2698.056666666667),
(1278, 16, 2045, '34030593', '60926311', NULL, NULL, '1', NULL),
(1279, 6, 2047, '38743197', '61503300', NULL, NULL, '2', NULL),
(1280, 21, 2048, '40490724', '61431467', '2019-02-18', -393.29, '2', -196.645),
(1281, 30, 2049, '44573343', '61728536', '2019-02-18', 4592.96, '1', NULL),
(1282, 1, 2050, '29304136', '60330355', NULL, NULL, '1', NULL),
(1283, 28, 2051, '44573400', '61712928', '2019-02-18', 30455.07, '1', NULL),
(1284, 8, 2052, '38743227', '61503299', '2019-02-18', -5498.66, '1', NULL),
(1285, 20, 2053, '40490757', '61431466', '2019-02-18', 1555.27, '2', 777.635),
(1286, 20, 2054, '40490757', '61431466', '2019-02-18', 1555.27, '2', 777.635),
(1287, 27, 2055, '44573376', '61699428', '2019-02-18', 2091.94, '2', 1045.97),
(1288, 7, 2056, '40490773', '61525000', '2019-02-18', 8094.17, '3', 2698.056666666667),
(1289, 27, 2057, '44573376', '61699428', '2019-02-18', 2091.94, '2', 1045.97),
(1290, 10, 2058, '38743254', '61423338', '2019-02-19', 18317.66, '1', NULL),
(1291, 17, 2059, '34030627', '60925314', '2019-02-18', 736.11, '1', NULL);

-- --------------------------------------------------------

--
-- Table structure for table `elink`
--

CREATE TABLE `elink` (
  `elink` int(11) NOT NULL,
  `emeter` int(11) NOT NULL,
  `eaccount` int(11) NOT NULL,
  `origin` varchar(255) DEFAULT NULL
) ENGINE=InnoDB DEFAULT CHARSET=latin1;

--
-- Dumping data for table `elink`
--

INSERT INTO `elink` (`elink`, `emeter`, `eaccount`, `origin`) VALUES
(1, 1, 1, 'old,grace,wycliff'),
(2, 2, 2, 'old,grace'),
(3, 3, 3, 'old,wycliff'),
(4, 4, 4, 'old,grace'),
(5, 5, 5, 'old,grace,wycliff'),
(6, 6, 6, 'old,grace,wycliff'),
(7, 7, 7, 'old,grace,wycliff'),
(8, 8, 8, 'old,wycliff'),
(9, 9, 9, 'old,grace,wycliff'),
(10, 10, 10, 'old,wycliff'),
(11, 11, 11, 'old,wycliff'),
(12, 13, 13, 'old,wycliff'),
(13, 15, 15, 'old,wycliff'),
(14, 17, 17, 'old,grace,wycliff'),
(15, 18, 18, 'old,grace,wycliff'),
(16, 19, 19, 'old,grace,wycliff'),
(17, 20, 20, 'old,grace,wycliff'),
(18, 21, 21, 'old,wycliff'),
(19, 22, 22, 'old,wycliff'),
(20, 23, 23, 'old,grace,wycliff'),
(21, 24, 24, 'old,wycliff'),
(22, 25, 25, 'old,grace,wycliff'),
(23, 26, 26, 'old,wycliff'),
(24, 27, 27, 'old,grace,wycliff'),
(25, 28, 28, 'old,grace,wycliff'),
(26, 29, 29, 'old,grace,wycliff'),
(27, 30, 30, 'old,grace,wycliff'),
(28, 31, 14, 'grace,wycliff'),
(29, 32, 31, NULL),
(30, 12, 12, NULL),
(31, 16, 16, NULL);

-- --------------------------------------------------------

--
-- Table structure for table `emeter`
--

CREATE TABLE `emeter` (
  `emeter` int(11) NOT NULL,
  `num` varchar(50) NOT NULL,
  `uid` int(5) DEFAULT NULL,
  `name` varchar(255) DEFAULT NULL,
  `is_invalid` int(1) NOT NULL,
  `comment` varchar(255) DEFAULT NULL,
  `source` varchar(255) DEFAULT NULL
) ENGINE=InnoDB DEFAULT CHARSET=latin1;

--
-- Dumping data for table `emeter`
--

INSERT INTO `emeter` (`emeter`, `num`, `uid`, `name`, `is_invalid`, `comment`, `source`) VALUES
(1, '60330355', 26, 'kinyozi', 0, NULL, 'old,grace,wycliff'),
(2, '60426891', 27, 'Not Assigned', 0, NULL, 'old,grace'),
(3, '60315078', 3, 'chic joint', 0, NULL, 'old,wycliff'),
(4, '60925308', 4, 'rekk', 0, NULL, 'old,grace,wycliff'),
(5, '61715053', 13, 'Not Assigned', 0, NULL, 'old,grace,wycliff'),
(6, '61503300', 25, 'Kajiado School,Archihub construction ltd', 0, NULL, 'old,grace,wycliff'),
(7, '61525000', 19, 'sidai/Masabi ranch/4th Generation/Transcounty/Geocad Enterprises ltd', 0, NULL, 'old,grace,wycliff'),
(8, '61503299', 24, 'naikuni ngaah and miencha', 0, NULL, 'old,wycliff'),
(9, '60898270', 8, 'car wash,Welding room', 0, NULL, 'old,grace,wycliff'),
(10, '61423338', 23, 'Ukiristo', 0, NULL, 'old,wycliff'),
(11, '61431461', 16, 'Not Assigned', 0, NULL, 'old,wycliff'),
(12, '61503291', 22, 'Fair deal Surveyors', 0, NULL, 'old,grace,wycliff'),
(13, '61579934', 30, 'deekos 3-phase', 0, NULL, 'old,wycliff'),
(14, '60315103', 1, 'common services/securitys', 1, 'Not found in KPLC search. It may have been removed', 'old,grace'),
(15, '60330353', 2, 'Not Assigned', 0, NULL, 'old,wycliff'),
(16, '60926311', 5, 'afb,Green firm investment', 0, NULL, 'old,wycliff'),
(17, '60925314', 6, 'Vane Kwamboka and Co. Advocates', 0, NULL, 'old,grace,wycliff'),
(18, '60925315', 7, 'lovinah beauty/land surveyors', 0, NULL, 'old,grace,wycliff'),
(19, '61431462', 18, 'hall/meeting room', 0, NULL, 'old,grace,wycliff'),
(20, '61431466', 17, 'Kaakua/New olgilai', 0, NULL, 'old,grace,wycliff'),
(21, '61431467', 20, 'Kecobat/Puan Emaa Housing', 0, NULL, 'old,wycliff'),
(22, '61979090', 21, 'Not Assigned', 0, NULL, 'old,wycliff'),
(23, '61690833', 28, 'not assigned', 0, NULL, 'old,grace,wycliff'),
(24, '61690979', 11, 'not assigned', 0, NULL, 'old,wycliff'),
(25, '61692365', 14, 'not assigned', 0, NULL, 'old,grace,wycliff'),
(26, '61693232', 10, 'not assigned', 0, NULL, 'old,wycliff'),
(27, '61699428', 9, 'Plotect,Simaloy', 0, NULL, 'old,grace,wycliff'),
(28, '61712928', 15, 'Maa steaks', 0, NULL, 'old,grace,wycliff'),
(29, '61727258', 12, 'not assigned', 0, NULL, 'old,grace,wycliff'),
(30, '61728536', 29, 'meeting room/Facing road next to Misatis', 0, NULL, 'old,grace,wycliff'),
(31, '62145624', NULL, 'Mutall Office & security power', 0, NULL, 'grace,wycliff'),
(32, '62221603', 31, 'Coop. Bank', 0, NULL, 'wycliff');

-- --------------------------------------------------------

--
-- Table structure for table `ereading`
--

CREATE TABLE `ereading` (
  `ereading` int(11) NOT NULL,
  `emeter` int(11) NOT NULL,
  `invoice` int(11) DEFAULT NULL,
  `date` date NOT NULL,
  `value` double DEFAULT NULL,
  `remark` varchar(255) DEFAULT NULL
) ENGINE=InnoDB DEFAULT CHARSET=latin1;

-- --------------------------------------------------------

--
-- Table structure for table `invoice`
--

CREATE TABLE `invoice` (
  `invoice` int(11) NOT NULL,
  `client` int(11) NOT NULL,
  `period` int(11) NOT NULL,
  `is_valid` int(1) NOT NULL
) ENGINE=InnoDB DEFAULT CHARSET=latin1;

--
-- Dumping data for table `invoice`
--

INSERT INTO `invoice` (`invoice`, `client`, `period`, `is_valid`) VALUES
(2036, 1, 112, 0),
(2067, 1, 113, 0),
(2098, 1, 114, 0),
(2132, 1, 120, 0),
(2038, 2, 112, 0),
(2069, 2, 113, 0),
(2100, 2, 114, 0),
(2134, 2, 120, 0),
(2041, 3, 112, 0),
(2072, 3, 113, 0),
(2103, 3, 114, 0),
(2137, 3, 120, 0),
(2043, 4, 112, 0),
(2074, 4, 113, 0),
(2105, 4, 114, 0),
(2139, 4, 120, 0),
(2046, 6, 112, 0),
(2077, 6, 113, 0),
(2108, 6, 114, 0),
(2142, 6, 120, 0),
(2047, 7, 112, 0),
(2078, 7, 113, 0),
(2109, 7, 114, 0),
(2143, 7, 120, 0),
(2050, 9, 112, 0),
(2081, 9, 113, 0),
(2112, 9, 114, 0),
(2146, 9, 120, 0),
(2053, 14, 112, 0),
(2084, 14, 113, 0),
(2115, 14, 114, 0),
(2149, 14, 120, 0),
(2056, 15, 112, 0),
(2087, 15, 113, 0),
(2118, 15, 114, 0),
(2152, 15, 120, 0),
(2052, 17, 112, 0),
(2083, 17, 113, 0),
(2114, 17, 114, 0),
(2148, 17, 120, 0),
(2058, 18, 112, 0),
(2089, 18, 113, 0),
(2120, 18, 114, 0),
(2154, 18, 120, 0),
(2040, 19, 112, 0),
(2071, 19, 113, 0),
(2102, 19, 114, 0),
(2136, 19, 120, 0),
(2057, 20, 112, 0),
(2088, 20, 113, 0),
(2119, 20, 114, 0),
(2153, 20, 120, 0),
(2048, 21, 112, 0),
(2079, 21, 113, 0),
(2110, 21, 114, 0),
(2144, 21, 120, 0),
(2055, 22, 112, 0),
(2086, 22, 113, 0),
(2117, 22, 114, 0),
(2151, 22, 120, 0),
(2059, 23, 112, 0),
(2090, 23, 113, 0),
(2121, 23, 114, 0),
(2155, 23, 120, 0),
(2045, 25, 112, 0),
(2076, 25, 113, 0),
(2107, 25, 114, 0),
(2141, 25, 120, 0),
(2037, 26, 112, 0),
(2068, 26, 113, 0),
(2099, 26, 114, 0),
(2133, 26, 120, 0),
(2054, 27, 112, 0),
(2085, 27, 113, 0),
(2116, 27, 114, 0),
(2150, 27, 120, 0),
(2051, 28, 112, 0),
(2082, 28, 113, 0),
(2113, 28, 114, 0),
(2147, 28, 120, 0),
(2044, 29, 112, 0),
(2075, 29, 113, 0),
(2106, 29, 114, 0),
(2140, 29, 120, 0),
(2049, 30, 112, 0),
(2080, 30, 113, 0),
(2111, 30, 114, 0),
(2145, 30, 120, 0),
(2042, 31, 112, 0),
(2073, 31, 113, 0),
(2104, 31, 114, 0),
(2138, 31, 120, 0),
(2039, 32, 112, 0),
(2070, 32, 113, 0),
(2101, 32, 114, 0),
(2135, 32, 120, 0);

-- --------------------------------------------------------

--
-- Table structure for table `job`
--

CREATE TABLE `job` (
  `job` int(11) NOT NULL,
  `name` varchar(255) NOT NULL,
  `dbname` varchar(255) DEFAULT NULL,
  `sql` varchar(255) DEFAULT NULL
) ENGINE=InnoDB DEFAULT CHARSET=latin1;

-- --------------------------------------------------------

--
-- Table structure for table `mobile`
--

CREATE TABLE `mobile` (
  `mobile` int(11) NOT NULL,
  `client` int(11) DEFAULT NULL,
  `num` varchar(30) NOT NULL,
  `contact` varchar(30) DEFAULT NULL
) ENGINE=InnoDB DEFAULT CHARSET=latin1;

--
-- Dumping data for table `mobile`
--

INSERT INTO `mobile` (`mobile`, `client`, `num`, `contact`) VALUES
(1, 1, '0712384729', 'ASHLEY'),
(2, 2, '0722722678', 'KEN KIMANI'),
(3, 3, '0721728360', 'MUREITHI WAMBUGU'),
(4, 4, '0722 215731', 'HUBERT'),
(5, 6, '0722879127', 'PETER KAAKUA'),
(6, 8, '0721914565', 'TITUS SAITOTI'),
(7, 9, '0722350361', 'LILIAN MUNGAI'),
(8, 13, '0724907442', 'NOAH'),
(9, 14, '0720888511', 'ISAAC LEBOI'),
(10, 15, '0720420073', 'ELIZABETH'),
(11, 16, '0712390301', 'RICHARD KIRISIA'),
(12, 17, '0722616983', 'DANIEL SINKIRA'),
(13, 18, '0722758079', 'BORNIFACE'),
(14, 29, '0727138767', 'John, Finance manager'),
(15, 30, '0722659586', 'Kerea, Chairman Oloolaiser');

-- --------------------------------------------------------

--
-- Table structure for table `msg`
--

CREATE TABLE `msg` (
  `msg` int(11) NOT NULL,
  `id` varchar(32) NOT NULL,
  `body` longtext DEFAULT NULL,
  `date` date DEFAULT NULL
) ENGINE=InnoDB DEFAULT CHARSET=latin1;

--
-- Dumping data for table `msg`
--

INSERT INTO `msg` (`msg`, `id`, `body`, `date`) VALUES
(14, '4d698a54d3a6ee1441c41ebfec27b1e0', 'Dear PETER KARIUKI MURAYA, ACCOUNT NO:34030643. Curr bill dated 17-01-2019 is as follows:  Active Meter - Curr Read: 1633 Prev Read: 1625,Billed Units: 8', '2019-04-01'),
(15, '0ceca25dbac6419c453bb32829eea569', 'Dear PETER KARIUKI MURAYA, ACCOUNT NO:34030627. Curr bill dated 17-01-2019 is as follows:  Active Meter - Curr Read: 1425 Prev Read: 1399,Billed Units: 2', '2019-04-01'),
(16, '8796c0f820212e5833ef6ec038c1011a', 'Dear PETER KARIUKI MURAYA, ACCOUNT NO:44573400. Curr bill dated 17-01-2019 is as follows:  Active Meter - Curr Read: 1277 (Est) Prev Read: 1277, Estimate', '2019-04-01'),
(17, 'd3cca5444c15648a80ef81986ac44097', 'Dear customer our disconnection moratorium expires on 23/11/2018 Please visit our Commercial Offices near you to present any billing concerns for resolution.', '2019-04-01'),
(40, 'd41d8cd98f00b204e9800998ecf8427e', '', '2019-02-14'),
(43, '3431fff9356f3fed5eac160a04df0dbb', 'ACCOUNT: 44573343\nNAME: PETER KARIUKI MURAYA\nAMOUNT: 4438.96\nDue on : 2019-01-24\nThank you E-Bill Kenyapower', '2019-02-20'),
(44, 'c77dd16c74f91bad5aae31d0c0c07c71', 'ACCOUNT: 44573376\nNAME: PETER KARIUKI MURAYA\nAMOUNT: 1286.94\nDue on : 2019-01-24\nThank you E-Bill Kenyapower', '2019-02-20'),
(45, '88670de347c55f171d4dfa42d13af68d', 'ACCOUNT: 44573327\nNAME: PETER KARIUKI MURAYA\nAMOUNT: 692.04\nDue on : 2019-01-24\nThank you E-Bill Kenyapower', '2019-02-20'),
(46, 'e8cdcee13cc5ec6eae224609145916b8', 'ACCOUNT: 44573400\nNAME: PETER KARIUKI MURAYA\nAMOUNT: 13131.07\nDue on : 2019-01-24\nThank you E-Bill Kenyapower', '2019-02-20'),
(47, '1e8f86b4043237ef66527acd7120de4e', 'ACCOUNT: 44573293\nNAME: PETER KARIUKI MURAYA\nAMOUNT: 2250.75\nDue on : 2019-01-24\nThank you E-Bill Kenyapower', '2019-02-20'),
(48, 'e31ffa264cf59eecbcf6547e42e95778', 'ACCOUNT: 44573368\nNAME: PETER KARIUKI MURAYA\nAMOUNT: 353.76\nDue on : 2018-12-25\nThank you E-Bill Kenyapower', '2019-04-01'),
(49, '8343fdcb303a70d184a409bb4d80198c', 'ACCOUNT: 44573236\nNAME: PETER KARIUKI MURAYA\nAMOUNT: 5036.43\nDue on : 2019-01-24\nThank you E-Bill Kenyapower', '2019-02-20'),
(50, '4ee186d20054764041b80515ef2393b0', 'ACCOUNT: 44573277\nNAME: PETER KARIUKI MURAYA\nAMOUNT: 1466.05\nDue on : 2019-01-25\nThank you E-Bill Kenyapower', '2019-02-20'),
(51, '6f793e9abddf96bdac3f1c976e109faf', 'ACCOUNT: 40490724\nNAME: PETER KARIUKI MURAYA\nAMOUNT: -409.29\nDue on : 2019-01-24\nThank you E-Bill Kenyapower', '2019-02-20'),
(52, 'e24cb5a94b4d8f77bc31dee5192307c4', 'ACCOUNT: 103840201\nNAME: PETER KARIUKI MURAYA\nAMOUNT: -68.95\nDue on : 2019-01-25\nThank you E-Bill Kenyapower', '2019-02-20'),
(53, '6c89a003c2d05e040b097af15e6e22fc', 'ACCOUNT: 40490757\nNAME: PETER KARIUKI MURAYA\nAMOUNT: 847.27\nDue on : 2019-01-24\nThank you E-Bill Kenyapower', '2019-02-20'),
(57, 'e6aab4f6ac1a8c9f8184037b8f63f483', 'ACCOUNT: 34030643\nNAME: PETER KARIUKI MURAYA\nAMOUNT: 123.89\nDue on : 2019-01-24\nThank you E-Bill Kenyapower', '2019-02-20'),
(58, '6288339a61ca2fc207ac1a86e0ddb6df', 'ACCOUNT: 40490765\nNAME: PETER KARIUKI MURAYA\nAMOUNT: -0.09\nDue on : 2019-01-24\nThank you E-Bill Kenyapower', '2019-02-20'),
(60, '17e07a04436dc084d030e8326c859bd0', 'ACCOUNT: 34030627\nNAME: PETER KARIUKI MURAYA\nAMOUNT: 390.11\nDue on : 2019-01-24\nThank you E-Bill Kenyapower', '2019-02-20'),
(62, '3d101b134b386ba90bb8fbe16cf2ed15', 'ACCOUNT: 34030593\nNAME: PETER KARIUKI MURAYA\nAMOUNT: 3543.84\nDue on : 2019-01-25\nThank you E-Bill Kenyapower', '2019-02-20'),
(63, '63234ec48b566041122c98acbad5086b', 'ACCOUNT: 29304169\nNAME: PETER KARIUKI MURAYA\nAMOUNT: 3252.08\nDue on : 2018-12-25\nThank you E-Bill Kenyapower', '2019-04-01'),
(65, '0ece2fadaffa76ef270cd71273a536d8', 'ACCOUNT: 29304136\nNAME: PETER KARIUKI MURAYA\nAMOUNT: 4185.93\nDue on : 2018-11-27\nThank you E-Bill Kenyapower', '2019-02-20'),
(66, '93c64292a549f11ad0baccb63ec84dab', 'ACCOUNT: 29304185\nNAME: PETER KARIUKI MURAYA\nAMOUNT: -30.48\nDue on : 2018-11-26\nThank you E-Bill Kenyapower', '2019-02-20'),
(67, '6466324cfee45311f599448fa2850c5a', 'ACCOUNT: 34030692\nNAME: PETER KARIUKI MURAYA\nAMOUNT: 1842.86\nDue on : 2018-11-26\nThank you E-Bill Kenyapower', '2019-02-20'),
(68, '306a13174529a549cd58e84f5b1dece8', 'ACCOUNT: 29304128\nNAME: PETER KARIUKI MURAYA\nAMOUNT: 1299.32\nDue on : 2018-11-26\nThank you E-Bill Kenyapower', '2019-02-20'),
(69, '80c2c9b285a2befa52581c563b592b2e', 'ACCOUNT: 44573251\nNAME: PETER KARIUKI MURAYA\nAMOUNT: 1098.43\nDue on : 2018-11-26\nThank you E-Bill Kenyapower', '2019-02-20'),
(197, 'b4b2ef08a6a127bd744eb92857a10b67', 'Dear PETER KARIUKI MURAYA, ACCOUNT NO:44573236. Curr bill dated 17-01-2019 is as follows:  Active Meter - Curr Read: 602 Prev Read: 602,Billed Units: 0KWh,   Fixed charge: 0, Cons.units amount:0 Fuel Cost and Levies: 0,Taxes: 0, Adjustments:   0.00. Monthly bill is KShs: 0. Prev Bal is KShs 5036.43. Total', '2019-04-01'),
(202, '60584334e2202144107c53e7735a0149', 'Dear PETER KARIUKI MURAYA, ACCOUNT NO:44573400. Curr bill dated 14-10-2018 is as follows:  Active Meter - Curr Read: 882 Prev Read: 665,Billed Units: 217KWh,   Fixed charge: 0, Cons.units amount:3146.5 Fuel Cost and Levies: 689.62,Taxes: 504.24, Adjustments: -542.36. Monthly bill is KShs: 3798. Prev Bal i', '2019-04-01'),
(205, 'd38264601be9aa0f34584e93e37dcd30', 'Dear PETER KARIUKI MURAYA, ACCOUNT NO:44573343. Curr bill dated 14-10-2018 is as follows:  Active Meter - Curr Read: 267 Prev Read: 267,Billed Units: 0KWh,   Fixed charge: 0, Cons.units amount:0 Fuel Cost and Levies: 0,Taxes: 0, Adjustments:   0.00. Monthly bill is KShs: 0. Prev Bal is KShs 4008.96. Total', '2019-04-01'),
(209, '89c9da3d73a07a22e830a4bc78103545', 'Dear PETER KARIUKI MURAYA, ACCOUNT NO:40490757. Curr bill dated 14-10-2018 is as follows:  Active Meter - Curr Read: 1889 Prev Read: 1853,Billed Units: 36KWh,   Fixed charge: 0, Cons.units amount:658.8 Fuel Cost and Levies: 121.25,Taxes: 105.54, Adjustments: -89.59. Monthly bill is KShs: 796. Prev Bal is ', '2019-04-01'),
(214, '47aebb5d91bca1ad906c2ab98f20c4d7', 'Dear PETER KARIUKI MURAYA, ACCOUNT NO:44573277. Curr bill dated 14-10-2018 is as follows:  Active Meter - Curr Read: 664 Prev Read: 664,Billed Units: 0KWh,   Fixed charge: 0, Cons.units amount:0 Fuel Cost and Levies: 0,Taxes: 0, Adjustments:   0.00. Monthly bill is KShs: 0. Prev Bal is KShs 1390.05. Total', '2019-04-01'),
(222, '8757e832a65c8bc268ff24cfbb3549e7', 'Dear PETER KARIUKI MURAYA, ACCOUNT NO:44573293. Curr bill dated 14-10-2018 is as follows:  Active Meter - Curr Read: 138 Prev Read: 138,Billed Units: 0KWh,   Fixed charge: 0, Cons.units amount:0 Fuel Cost and Levies: 0,Taxes: 0, Adjustments:   0.00. Monthly bill is KShs: 0. Prev Bal is KShs 2235.75. Total', '2019-04-01'),
(462, 'aa9dd037f13294a625ae5ac6a4b99c0b', 'Dear PETER KARIUKI MURAYA, ACCOUNT NO:44573376. Curr bill dated 18-02-2019 is as follows:  Active Meter - Curr Read: 1479 Prev Read: 1428,Billed Units: 51KWh,   Fixed charge: 0, Cons.units amount:651.39 Fuel Cost and Levies: 188.05,Taxes: 107.23, Adjustments: -141.67. Monthly bill is KShs: 805. Prev Bal is KShs 1286.94. Total Outstanding is KShs: 2091.94. Due date 25-02-2019. Kindly pay before due date. Thank You.', '2019-02-20'),
(463, '7adedb23ea941105b0e8f0fb501d87d4', 'Dear PETER KARIUKI MURAYA, ACCOUNT NO:44573400. Curr bill dated 18-02-2019 is as follows:  Active Meter - Curr Read: 2044 Prev Read: 1277,Billed Units: 767KWh,   Fixed charge: 0, Cons.units amount:14105.34 Fuel Cost and Levies: 2904.65,Taxes: 2300.98, Adjustments: -1986.97. Monthly bill is KShs: 17324. Prev Bal is KShs 13131.07. Total Outstanding is KShs: 30455.07. Due date 25-02-2019. Kindly pay before due date. Thank You.', '2019-02-20'),
(464, '87fd4f0460b39a105e0d15532da4cd3f', 'Dear PETER KARIUKI MURAYA, ACCOUNT NO:40490765. Curr bill dated 18-02-2019 is as follows:  Active Meter - Curr Read: 156 Prev Read: 156,Billed Units: 0KWh,   Fixed charge: 0, Cons.units amount:0 Fuel Cost and Levies: 0,Taxes: 0, Adjustments:   0.00. Monthly bill is KShs: 0. Prev Bal is KShs -.09. Total Outstanding is KShs: -.09. Due date 25-02-2019. Currently no bill to pay. Thank You.', '2019-02-20'),
(465, '22abd88201d8b6228de8f391f9d1e187', 'Dear PETER KARIUKI MURAYA, ACCOUNT NO:38743155. Curr bill dated 18-02-2019 is as follows:  Active Meter - Curr Read: 1009 Prev Read: 1005,Billed Units: 4KWh,   Fixed charge: 0, Cons.units amount:50.96 Fuel Cost and Levies: 14.58,Taxes: 8.38, Adjustments: -10.92. Monthly bill is KShs: 63. Prev Bal is KShs 426.31. Total Outstanding is KShs: 489.31. Due date 25-02-2019. Kindly pay before due date. Thank You.', '2019-02-20'),
(466, 'c1fd201762f968ac5787e642b4742b76', 'Dear PETER KARIUKI MURAYA, ACCOUNT NO:38743227. Curr bill dated 18-02-2019 is as follows:  Active Meter - Curr Read: 2325 Prev Read: 2289,Billed Units: 36KWh,   Fixed charge: 0, Cons.units amount:458.64 Fuel Cost and Levies: 131.23,Taxes: 75.45, Adjustments: -98.32. Monthly bill is KShs: 567. Prev Bal is KShs -6065.66. Total Outstanding is KShs: -5498.66. Due date 25-02-2019. Currently no bill to pay. Thank You.', '2019-02-20'),
(467, '8c98d5c16f6e70d99ce3e22d9e3791c7', 'Dear PETER KARIUKI MURAYA, ACCOUNT NO:44573343. Curr bill dated 18-02-2019 is as follows:  Active Meter - Curr Read: 298 Prev Read: 287,Billed Units: 11KWh,   Fixed charge: 0, Cons.units amount:124.21 Fuel Cost and Levies: 40.11,Taxes: 20.5, Adjustments: -30.82. Monthly bill is KShs: 154. Prev Bal is KShs 4438.96. Total Outstanding is KShs: 4592.96. Due date 25-02-2019. Kindly pay before due date. Thank You.', '2019-02-20'),
(470, '2305100c9813be1bfff4a81c152bbc45', 'Dear PETER KARIUKI MURAYA, ACCOUNT NO:34030627. Curr bill dated 18-02-2019 is as follows:  Active Meter - Curr Read: 1447 Prev Read: 1425,Billed Units: 22KWh,   Fixed charge: 0, Cons.units amount:280.28 Fuel Cost and Levies: 80.2,Taxes: 46.11, Adjustments: -60.59. Monthly bill is KShs: 346. Prev Bal is KShs 390.11. Total Outstanding is KShs: 736.11. Due date 25-02-2019. Kindly pay before due date. Thank You.', '2019-02-20'),
(471, '8f9ff1eb28d65a56f39c31b43604f710', 'Dear PETER KARIUKI MURAYA, ACCOUNT NO:29304144. Curr bill dated 18-02-2019 is as follows:  Active Meter - Curr Read: 3498 Prev Read: 3472,Billed Units: 26KWh,   Fixed charge: 0, Cons.units amount:476.84 Fuel Cost and Levies: 102.06,Taxes: 77.79, Adjustments: -71.69. Monthly bill is KShs: 585. Prev Bal is KShs 17364.12. Total Outstanding is KShs: 17949.12. Due date 25-02-2019. Kindly pay before due date. Thank You.', '2019-02-20'),
(472, 'aa69ee0ba0872402c842b79f199b08b8', 'Dear PETER KARIUKI MURAYA, ACCOUNT NO:44573293. Curr bill dated 18-02-2019 is as follows:  Active Meter - Curr Read: 180 Prev Read: 139,Billed Units: 41KWh,   Fixed charge: 0, Cons.units amount:522.34 Fuel Cost and Levies: 149.46,Taxes: 85.93, Adjustments: -112.73. Monthly bill is KShs: 645. Prev Bal is KShs 2250.75. Total Outstanding is KShs: 2895.75. Due date 25-02-2019. Kindly pay before due date. Thank You.', '2019-02-20'),
(473, 'fc6fd42bbe96db5dbcb32a7e2f6c24dd', 'Dear PETER KARIUKI MURAYA, ACCOUNT NO:103840201. Curr bill dated 18-02-2019 is as follows:  Active Meter - Curr Read: 14625 Prev Read: 14587,Billed Units: 38KWh,   Fixed charge: 0, Cons.units amount:484.12 Fuel Cost and Levies: 138.52,Taxes: 79.64, Adjustments: -104.28. Monthly bill is KShs: 598. Prev Bal is KShs -68.95. Total Outstanding is KShs: 529.05. Due date 25-02-2019. Kindly pay before due date. Thank You.', '2019-02-20'),
(474, 'a1d86c378e5b345728c21e47ec614e38', 'Dear PETER KARIUKI MURAYA, ACCOUNT NO:40490724. Curr bill dated 18-02-2019 is as follows:  Active Meter - Curr Read: 806 Prev Read: 805,Billed Units: 1KWh,   Fixed charge: 0, Cons.units amount:12.74 Fuel Cost and Levies: 3.65,Taxes: 2.1, Adjustments: -2.49. Monthly bill is KShs: 16. Prev Bal is KShs -409.29. Total Outstanding is KShs: -393.29. Due date 25-02-2019. Currently no bill to pay. Thank You.', '2019-02-20'),
(475, 'd3652fbcd21ad6a0961d9715d7691bec', 'Dear PETER KARIUKI MURAYA, ACCOUNT NO:40490773. Curr bill dated 18-02-2019 is as follows:  Active Meter - Curr Read: 5781 Prev Read: 5652,Billed Units: 129KWh,   Fixed charge: 0, Cons.units amount:2391.66 Fuel Cost and Levies: 507.66,Taxes: 390.07, Adjustments: -353.39. Monthly bill is KShs: 2936. Prev Bal is KShs 5158.17. Total Outstanding is KShs: 8094.17. Due date 25-02-2019. Kindly pay before due date. Thank You.', '2019-02-20'),
(476, 'af93776a477ed135440991d4874aedc8', 'Dear PETER KARIUKI MURAYA, ACCOUNT NO:34030643. Curr bill dated 18-02-2019 is as follows:  Active Meter - Curr Read: 1675 Prev Read: 1633,Billed Units: 42KWh,   Fixed charge: 0, Cons.units amount:535.08 Fuel Cost and Levies: 153.11,Taxes: 88.02, Adjustments: -115.21. Monthly bill is KShs: 661. Prev Bal is KShs 123.89. Total Outstanding is KShs: 784.89. Due date 25-02-2019. Kindly pay before due date. Thank You.', '2019-02-20'),
(477, '72eba301d6f72489ab480798480b4331', 'Dear PETER KARIUKI MURAYA, ACCOUNT NO:44573319. Curr bill dated 18-02-2019 is as follows:  Active Meter - Curr Read: 189 Prev Read: 139,Billed Units: 50KWh,   Fixed charge: 0, Cons.units amount:637 Fuel Cost and Levies: 182.28,Taxes: 104.79, Adjustments: -137.07. Monthly bill is KShs: 787. Prev Bal is KShs 2169.31. Total Outstanding is KShs: 2956.31. Due date 25-02-2019. Kindly pay before due date. Thank You.', '2019-02-20'),
(478, 'a22b72c9d689636de8c8b10606ba8c06', 'Dear PETER KARIUKI MURAYA, ACCOUNT NO:34030668. Curr bill dated 18-02-2019 is as follows:  Active Meter - Curr Read: 7474 Prev Read: 7412,Billed Units: 62KWh,   Fixed charge: 0, Cons.units amount:789.88 Fuel Cost and Levies: 226.02,Taxes: 129.94, Adjustments: -169.84. Monthly bill is KShs: 976. Prev Bal is KShs 2281.16. Total Outstanding is KShs: 3257.16. Due date 25-02-2019. Kindly pay before due date. Thank You.', '2019-02-20'),
(479, '98c50424f1d214c771d7d726c4cbd325', 'Dear PETER KARIUKI MURAYA, ACCOUNT NO:48119382. Curr bill dated 18-02-2019 is as follows:  Active Meter - Curr Read: 328741 Prev Read: 323419,Billed Units: 5322KWh,   Fixed charge: 0, Cons.units amount:97605.48 Fuel Cost and Levies: 20890.98,Taxes: 15922.32, Adjustments: -14581.78. Monthly bill is KShs: 119837. Prev Bal is KShs -25808.72. Total Outstanding is KShs: 94028.28. Due date 25-02-2019. Kindly pay before due date. Thank You.', '2019-02-20'),
(480, 'aedd3c50c2fb2fc09425f89c97621ca1', 'Dear PETER KARIUKI MURAYA, ACCOUNT NO:44573327. Curr bill dated 18-02-2019 is as follows:  Active Meter - Curr Read: 1 Prev Read: 1,Billed Units: 0KWh,  KWh,   Fixed charge: 0, Cons.units amount:99.72 Fuel Cost and Levies: 26.37,Taxes: 16.32, Adjustments: -19.41. Monthly bill is KShs: 123. Prev Bal is KShs 723.89. Total Outstanding is KShs: 846.89. Due date 24-01-2019. Kindly pay before due date. Thank You.', '2019-02-20'),
(481, 'e68736f763460bb178423089f65cc830', 'Dear PETER KARIUKI MURAYA, ACCOUNT NO:44573236. Curr bill dated 18-02-2019 is as follows:  Active Meter - Curr Read: 602 (Est) Prev Read: 602, Estimated Units: 0 KWh,   Fixed charge: 0, Cons.units amount:0 Fuel Cost and Levies: 0,Taxes: 0, Adjustments:   0.00. Monthly bill is KShs: 0. Prev Bal is KShs 5036.43. Total Outstanding is KShs: 5036.43. Due date 25-02-2019. Kindly pay before due date. Thank You.', '2019-02-20'),
(483, '9b97c9f8f83bae50dee68d5f670295a3', 'Dear PETER KARIUKI MURAYA, ACCOUNT NO:40490757. Curr bill dated 18-02-2019 is as follows:  Active Meter - Curr Read: 2029 Prev Read: 1984,Billed Units: 45KWh,   Fixed charge: 0, Cons.units amount:573.3 Fuel Cost and Levies: 164.04,Taxes: 94.31, Adjustments: -123.65. Monthly bill is KShs: 708. Prev Bal is KShs 847.27. Total Outstanding is KShs: 1555.27. Due date 25-02-2019. Kindly pay before due date. Thank You.', '2019-02-20'),
(484, 'db07c51aed1367a9ab99a181624806b3', 'Dear PETER KARIUKI MURAYA, ACCOUNT NO:29304144. Curr bill dated 19-01-2019 is as follows:  Active Meter - Curr Read: 3472 Prev Read: 2474,Billed Units: 998KWh,   Fixed charge: 0, Cons.units amount:14142.24 Fuel Cost and Levies: 3373.74,Taxes: 2307.79, Adjustments: -2459.77. Monthly bill is KShs: 17364. Prev Bal is KShs .12. Total Outstanding is KShs: 17364.12. Due date 28-01-2019. Kindly pay before due date. Thank You.', '2019-04-01'),
(485, '198af533e68c34969610c87591b7f628', 'Dear PETER KARIUKI MURAYA, ACCOUNT NO:44573277. Curr bill dated 18-01-2019 is as follows:  Active Meter - Curr Read: 669 Prev Read: 669,Billed Units: 0KWh,   Fixed charge: 0, Cons.units amount:0 Fuel Cost and Levies: 0,Taxes: 0, Adjustments:   0.00. Monthly bill is KShs: 0. Prev Bal is KShs 1466.05. Total Outstanding is KShs: 1466.05. Due date 25-01-2019. Kindly pay before due date. Thank You.', '2019-04-01'),
(486, '11d13a2408844bc2755769484ff5ad80', 'Dear PETER KARIUKI MURAYA, ACCOUNT NO:29304136. Curr bill dated 18-01-2019 is as follows:  Active Meter - Curr Read: 14255 Prev Read: 14025,Billed Units: 230KWh,   Fixed charge: 0, Cons.units amount:4197.5 Fuel Cost and Levies: 839.04,Taxes: 684.86, Adjustments: -563.4. Monthly bill is KShs: 5158. Prev Bal is KShs 1693.93. Total Outstanding is KShs: 6851.93. Due date 25-01-2019. Kindly pay before due date. Thank You.', '2019-04-01'),
(487, '4dc64ea30cf6e9012302ed8caec4f937', 'Dear PETER KARIUKI MURAYA, ACCOUNT NO:103840201. Curr bill dated 18-01-2019 is as follows:  Active Meter - Curr Read: 14587 Prev Read: 14587,Billed Units: 0KWh,   Fixed charge: 0, Cons.units amount:0 Fuel Cost and Levies: 0,Taxes: 0, Adjustments:   0.00. Monthly bill is KShs: 0. Prev Bal is KShs 40.05. Total Outstanding is KShs: 40.05. Due date 25-01-2019. Kindly pay before due date. Thank You.', '2019-04-01'),
(488, '2164edcaaa8d56e9f34486397a7c56ae', 'Dear PETER KARIUKI MURAYA, ACCOUNT NO:40490773. Curr bill dated 18-01-2019 is as follows:  Active Meter - Curr Read: 5652 Prev Read: 5422,Billed Units: 230KWh,   Fixed charge: 0, Cons.units amount:4197.5 Fuel Cost and Levies: 839.04,Taxes: 684.86, Adjustments: -563.4. Monthly bill is KShs: 5158. Prev Bal is KShs 7157.17. Total Outstanding is KShs: 12315.17. Due date 25-01-2019. Kindly pay before due date. Thank You.', '2019-04-01'),
(489, 'b8acb49ed7397009ecde47c21132f632', 'Dear PETER KARIUKI MURAYA, ACCOUNT NO:34030593. Curr bill dated 18-01-2019 is as follows:  Active Meter - Curr Read: 7853 Prev Read: 7623,Billed Units: 230KWh,   Fixed charge: 0, Cons.units amount:2863.5 Fuel Cost and Levies: 772.34,Taxes: 471.42, Adjustments: -563.26. Monthly bill is KShs: 3544. Prev Bal is KShs -.16. Total Outstanding is KShs: 3543.84. Due date 25-01-2019. Kindly pay before due date. Thank You.', '2019-04-01'),
(490, 'd4cc05ed094264d5444d996d9945b4f1', 'Dear PETER KARIUKI MURAYA, ACCOUNT NO:48119382. Curr bill dated 18-01-2019 is as follows:  Active Meter - Curr Read: 323419 Prev Read: 313785,Billed Units: 9634KWh,   Fixed charge: 0, Cons.units amount:173893.7 Fuel Cost and Levies: 35048.49,Taxes: 28378.53, Adjustments: -23603.72. Monthly bill is KShs: 213717. Prev Bal is KShs -149525.72. Total Outstanding is KShs: 64191.28. Due date 25-01-2019. Kindly pay before due date. Thank You.', '2019-04-01'),
(491, '5899e3c2263f13d840b6b504f2d0abb1', 'Dear PETER KARIUKI MURAYA, ACCOUNT NO:44573327. Curr bill dated 17-01-2019 is as follows:  Active Meter - Curr Read: 1 (Est) Prev Read: 1, Estimated Units: 0 KWh,   Fixed charge: 0, Cons.units amount:0 Fuel Cost and Levies: 0,Taxes: 0, Adjustments:   0.00. Monthly bill is KShs: 0. Prev Bal is KShs 692.04. Total Outstanding is KShs: 692.04. Due date 24-01-2019. Kindly pay before due date. Thank You.', '2019-04-01'),
(492, 'ce7ab0df8bb9ec0ac360fa5582d95313', 'Dear PETER KARIUKI MURAYA, ACCOUNT NO:38743155. Curr bill dated 17-01-2019 is as follows:  Active Meter - Curr Read: 1005 Prev Read: 996,Billed Units: 9KWh,   Fixed charge: 0, Cons.units amount:112.18 Fuel Cost and Levies: 29.64,Taxes: 18.35, Adjustments: -22.17. Monthly bill is KShs: 138. Prev Bal is KShs 288.31. Total Outstanding is KShs: 426.31. Due date 24-01-2019. Kindly pay before due date. Thank You.', '2019-04-01'),
(493, 'bd3d6887e9601d20d4658983b64cbd6d', 'Dear PETER KARIUKI MURAYA, ACCOUNT NO:40490757. Curr bill dated 17-01-2019 is as follows:  Active Meter - Curr Read: 1984 Prev Read: 1955,Billed Units: 29KWh,   Fixed charge: 0, Cons.units amount:361.05 Fuel Cost and Levies: 97.38,Taxes: 59.44, Adjustments: -70.87. Monthly bill is KShs: 447. Prev Bal is KShs 400.27. Total Outstanding is KShs: 847.27. Due date 24-01-2019. Kindly pay before due date. Thank You.', '2019-04-01'),
(494, '0dd91a479cd6209e01ef6c2c8205661c', 'Dear PETER KARIUKI MURAYA, ACCOUNT NO:44573293. Curr bill dated 17-01-2019 is as follows:  Active Meter - Curr Read: 139 Prev Read: 139,Billed Units: 0KWh,   Fixed charge: 0, Cons.units amount:0 Fuel Cost and Levies: 0,Taxes: 0, Adjustments:   0.00. Monthly bill is KShs: 0. Prev Bal is KShs 2250.75. Total Outstanding is KShs: 2250.75. Due date 24-01-2019. Kindly pay before due date. Thank You.', '2019-04-01'),
(495, '5591c0b58ae9e7e15a812c89a115f108', 'Dear PETER KARIUKI MURAYA, ACCOUNT NO:34030668. Curr bill dated 17-01-2019 is as follows:  Active Meter - Curr Read: 7412 Prev Read: 7412,Billed Units: 0KWh,   Fixed charge: 0, Cons.units amount:0 Fuel Cost and Levies: 0,Taxes: 0, Adjustments:   0.00. Monthly bill is KShs: 0. Prev Bal is KShs 2281.16. Total Outstanding is KShs: 2281.16. Due date 24-01-2019. Kindly pay before due date. Thank You.', '2019-04-01'),
(496, '4666a283857fdf3e18ed15794b29d5cb', 'Dear PETER KARIUKI MURAYA, ACCOUNT NO:44573376. Curr bill dated 17-01-2019 is as follows:  Active Meter - Curr Read: 1428 (Est) Prev Read: 1362, Estimated Units: 66 KWh,   Fixed charge: 0, Cons.units amount:822.73 Fuel Cost and Levies: 217.22,Taxes: 134.56, Adjustments: -162.51. Monthly bill is KShs: 1012. Prev Bal is KShs 874.94. Total Outstanding is KShs: 1886.94. Due date 24-01-2019. Kindly pay before due date. Thank You.', '2019-04-01'),
(497, '5ebc3a32ccfa282fe1ca15933b7fa256', 'Dear PETER KARIUKI MURAYA, ACCOUNT NO:38743227. Curr bill dated 17-01-2019 is as follows:  Active Meter - Curr Read: 2289 Prev Read: 2269,Billed Units: 20KWh,   Fixed charge: 0, Cons.units amount:249.3 Fuel Cost and Levies: 65.91,Taxes: 40.79, Adjustments: -49. Monthly bill is KShs: 307. Prev Bal is KShs -6372.66. Total Outstanding is KShs: -6065.66. Due date 24-01-2019. Currently no bill to pay. Thank You.', '2019-04-01'),
(498, 'f743fc65b584cce7008b7ec4cd3fb38f', 'Dear PETER KARIUKI MURAYA, ACCOUNT NO:40490724. Curr bill dated 17-01-2019 is as follows:  Active Meter - Curr Read: 805 Prev Read: 802,Billed Units: 3KWh,   Fixed charge: 0, Cons.units amount:37.35 Fuel Cost and Levies: 10.07,Taxes: 6.15, Adjustments: -7.57. Monthly bill is KShs: 46. Prev Bal is KShs 544.71. Total Outstanding is KShs: 590.71. Due date 24-01-2019. Kindly pay before due date. Thank You.', '2019-04-01'),
(499, 'cbb26b0e40ea537dd3ee10651213108c', 'Dear PETER KARIUKI MURAYA, ACCOUNT NO:38743254. Curr bill dated 17-01-2019 is as follows:  Active Meter - Curr Read: 18895 Prev Read: 18841,Billed Units: 54KWh,   Fixed charge: 0, Cons.units amount:762.55 Fuel Cost and Levies: 182.51,Taxes: 124.46, Adjustments: -133.52. Monthly bill is KShs: 936. Prev Bal is KShs -384.34. Total Outstanding is KShs: 551.66. Due date 24-01-2019. Kindly pay before due date. Thank You.', '2019-04-01'),
(500, '92ede73aa01957215a56938832878a4e', 'Dear PETER KARIUKI MURAYA, ACCOUNT NO:40490765. Curr bill dated 17-01-2019 is as follows:  Active Meter - Curr Read: 156 Prev Read: 156,Billed Units: 0KWh,   Fixed charge: 0, Cons.units amount:0 Fuel Cost and Levies: 0,Taxes: 0, Adjustments:   0.00. Monthly bill is KShs: 0. Prev Bal is KShs 832.91. Total Outstanding is KShs: 832.91. Due date 24-01-2019. Kindly pay before due date. Thank You.', '2019-04-01'),
(504, '232796192023e534b4cf8d7d2715d8a1', 'Dear PETER KARIUKI MURAYA, ACCOUNT NO:44573343. Curr bill dated 17-01-2019 is as follows:  Active Meter - Curr Read: 287 (Est) Prev Read: 269, Estimated Units: 18 KWh,   Fixed charge: 0, Cons.units amount:324.9 Fuel Cost and Levies: 65.49,Taxes: 53.02, Adjustments: -44.41. Monthly bill is KShs: 399. Prev Bal is KShs 4039.96. Total Outstanding is KShs: 4438.96. Due date 24-01-2019. Kindly pay before due date. Thank You.', '2019-04-01'),
(509, 'c40fee02e992178cbf3e6bc8a2621adf', 'Dear PETER KARIUKI MURAYA, ACCOUNT NO:34030668. Curr bill dated 14-10-2018 is as follows:  Active Meter - Curr Read: 7320 Prev Read: 7295,Billed Units: 25KWh,   Fixed charge: 0, Cons.units amount:457.5 Fuel Cost and Levies: 84.2,Taxes: 73.29, Adjustments: -62.99. Monthly bill is KShs: 552. Prev Bal is KShs 335.16. Total Outstanding is KShs: 887.16. Due date 22-10-2018. Kindly pay before due date. Thank You.', '2019-04-01'),
(510, '0e4ef8b5510092cb8d989decf2fb23d4', 'Dear PETER KARIUKI MURAYA, ACCOUNT NO:40490765. Curr bill dated 14-10-2018 is as follows:  Active Meter - Curr Read: 131 Prev Read: 125,Billed Units: 6KWh,   Fixed charge: 0, Cons.units amount:87 Fuel Cost and Levies: 19.07,Taxes: 13.94, Adjustments: -15.01. Monthly bill is KShs: 105. Prev Bal is KShs 1337.91. Total Outstanding is KShs: 1442.91. Due date 22-10-2018. Kindly pay before due date. Thank You.', '2019-04-01'),
(512, 'c3f2133225773a9a9bce0f6629436ffa', 'Dear PETER KARIUKI MURAYA, ACCOUNT NO:34030627. Curr bill dated 14-10-2018 is as follows:  Active Meter - Curr Read: 1348 Prev Read: 1320,Billed Units: 28KWh,   Fixed charge: 0, Cons.units amount:512.4 Fuel Cost and Levies: 94.3,Taxes: 82.09, Adjustments: -69.79. Monthly bill is KShs: 619. Prev Bal is KShs -.89. Total Outstanding is KShs: 618.11. Due date 22-10-2018. Kindly pay before due date. Thank You.', '2019-04-01'),
(514, '0c49087a04da4be5a8c802e04dc36431', 'Dear PETER KARIUKI MURAYA, ACCOUNT NO:29304136. Curr bill dated 14-10-2018 is as follows:  Active Meter - Curr Read: 13760 Prev Read: 13600,Billed Units: 160KWh,   Fixed charge: 0, Cons.units amount:2928 Fuel Cost and Levies: 538.88,Taxes: 469.07, Adjustments: -399.95. Monthly bill is KShs: 3536. Prev Bal is KShs 531.93. Total Outstanding is KShs: 4067.93. Due date 22-10-2018. Kindly pay before due date. Thank You.', '2019-04-01'),
(516, '4ef9a756327eddf98bae6a063a2d65d7', 'Dear PETER KARIUKI MURAYA, ACCOUNT NO:44573236. Curr bill dated 14-10-2018 is as follows:  Active Meter - Curr Read: 559 Prev Read: 559,Billed Units: 0KWh,   Fixed charge: 0, Cons.units amount:0 Fuel Cost and Levies: 0,Taxes: 0, Adjustments:   0.00. Monthly bill is KShs: 0. Prev Bal is KShs 4384.43. Total Outstanding is KShs: 4384.43. Due date 22-10-2018. Kindly pay before due date. Thank You.', '2019-04-01'),
(519, '39bf37f991bd2597abcfd3140da6d015', 'Dear PETER KARIUKI MURAYA, ACCOUNT NO:38743254. Curr bill dated 14-10-2018 is as follows:  Active Meter - Curr Read: 18405 Prev Read: 17772,Billed Units: 633KWh,   Fixed charge: 0, Cons.units amount:11583.9 Fuel Cost and Levies: 2131.95,Taxes: 1855.77, Adjustments: -1582.62. Monthly bill is KShs: 13989. Prev Bal is KShs -58.34. Total Outstanding is KShs: 13930.66. Due date 22-10-2018. Kindly pay before due date. Thank You.', '2019-04-01'),
(521, '16a2422c73b5bb0648264d4d645f33bf', 'Dear PETER KARIUKI MURAYA, ACCOUNT NO:34030593. Curr bill dated 14-10-2018 is as follows:  Active Meter - Curr Read: 7387 Prev Read: 7247,Billed Units: 140KWh,   Fixed charge: 0, Cons.units amount:2562 Fuel Cost and Levies: 471.52,Taxes: 410.44, Adjustments: -349.96. Monthly bill is KShs: 3094. Prev Bal is KShs -999.16. Total Outstanding is KShs: 2094.84. Due date 22-10-2018. Kindly pay before due date. Thank You.', '2019-04-01'),
(524, '3aa5abc07c5cc4650808a90a3c0c2886', 'Dear PETER KARIUKI MURAYA, ACCOUNT NO:48119382. Curr bill dated 14-10-2018 is as follows:  Active Meter - Curr Read: 306737 Prev Read: 301826,Billed Units: 4911KWh,   Fixed charge: 0, Cons.units amount:88889.1 Fuel Cost and Levies: 16491.14,Taxes: 14240.49, Adjustments: -12277.73. Monthly bill is KShs: 107343. Prev Bal is KShs -11412.72. Total Outstanding is KShs: 95930.28. Due date 22-10-2018. Kindly pay before due date. Thank You.', '2019-04-01'),
(526, '33eca2cf34bb10647a12499c327633b7', 'Dear PETER KARIUKI MURAYA, ACCOUNT NO:38743227. Curr bill dated 14-10-2018 is as follows:  Active Meter - Curr Read: 2194 Prev Read: 2160,Billed Units: 34KWh,   Fixed charge: 0, Cons.units amount:622.2 Fuel Cost and Levies: 114.51,Taxes: 99.68, Adjustments: -85.39. Monthly bill is KShs: 751. Prev Bal is KShs 73.34. Total Outstanding is KShs: 824.34. Due date 22-10-2018. Kindly pay before due date. Thank You.', '2019-04-01'),
(529, '71285f645c666864dd63a6324222f3b1', 'Dear PETER KARIUKI MURAYA, ACCOUNT NO:29304144. Curr bill dated 14-10-2018 is as follows:  Active Meter - Curr Read: 2205 Prev Read: 1917,Billed Units: 288KWh,   Fixed charge: 0, Cons.units amount:5270.4 Fuel Cost and Levies: 969.98,Taxes: 844.33, Adjustments: -719.71. Monthly bill is KShs: 6365. Prev Bal is KShs -159.88. Total Outstanding is KShs: 6205.12. Due date 22-10-2018. Kindly pay before due date. Thank You.', '2019-04-01'),
(531, '739a6e2156c199718715cce27fb5a774', 'Dear PETER KARIUKI MURAYA, ACCOUNT NO:44573327. Curr bill dated 14-10-2018 is as follows:  Active Meter - Curr Read: 1 (Est) Prev Read: 1, Estimated Units: 0 KWh,   Fixed charge: 0, Cons.units amount:0 Fuel Cost and Levies: 0,Taxes: 0, Adjustments:   0.00. Monthly bill is KShs: 0. Prev Bal is KShs 692.04. Total Outstanding is KShs: 692.04. Due date 22-10-2018. Kindly pay before due date. Thank You.', '2019-04-01'),
(533, '649f58b77cd6156498146ff5b091aec6', 'Dear PETER KARIUKI MURAYA, ACCOUNT NO:40490773. Curr bill dated 14-10-2018 is as follows:  Active Meter - Curr Read: 5232 Prev Read: 5097,Billed Units: 135KWh,   Fixed charge: 0, Cons.units amount:2470.5 Fuel Cost and Levies: 454.68,Taxes: 395.78, Adjustments: -337.96. Monthly bill is KShs: 2983. Prev Bal is KShs 20106.17. Total Outstanding is KShs: 23089.17. Due date 22-10-2018. Kindly pay before due date. Thank You.', '2019-04-01'),
(535, '8237d39a50abdf61c32c1fa4c78c27d2', 'Dear PETER KARIUKI MURAYA, ACCOUNT NO:34030643. Curr bill dated 14-10-2018 is as follows:  Active Meter - Curr Read: 1546 Prev Read: 1531,Billed Units: 15KWh,   Fixed charge: 0, Cons.units amount:274.5 Fuel Cost and Levies: 50.52,Taxes: 43.98, Adjustments: -37. Monthly bill is KShs: 332. Prev Bal is KShs -31.11. Total Outstanding is KShs: 300.89. Due date 22-10-2018. Kindly pay before due date. Thank You.', '2019-04-01'),
(537, '964bad6664185ba4dfe90826cf26836f', 'Dear PETER KARIUKI MURAYA, ACCOUNT NO:40490724. Curr bill dated 14-10-2018 is as follows:  Active Meter - Curr Read: 766 Prev Read: 747,Billed Units: 19KWh,   Fixed charge: 0, Cons.units amount:347.7 Fuel Cost and Levies: 63.99,Taxes: 55.7, Adjustments: -47.39. Monthly bill is KShs: 420. Prev Bal is KShs -.29. Total Outstanding is KShs: 419.71. Due date 22-10-2018. Kindly pay before due date. Thank You.', '2019-04-01'),
(539, '1f7b922714935077b304633feeeb3f36', 'Dear PETER KARIUKI MURAYA, ACCOUNT NO:38743155. Curr bill dated 14-10-2018 is as follows:  Active Meter - Curr Read: 984 Prev Read: 978,Billed Units: 6KWh,   Fixed charge: 0, Cons.units amount:109.8 Fuel Cost and Levies: 20.21,Taxes: 17.59, Adjustments: -14.6. Monthly bill is KShs: 133. Prev Bal is KShs -26.69. Total Outstanding is KShs: 106.31. Due date 22-10-2018. Kindly pay before due date. Thank You.', '2019-04-01'),
(541, '0a2aa1e07027395a1c651bbf2ae68ed1', 'Dear PETER KARIUKI MURAYA, ACCOUNT NO:44573376. Curr bill dated 14-10-2018 is as follows:  Active Meter - Curr Read: 1233 Prev Read: 1167,Billed Units: 66KWh,   Fixed charge: 0, Cons.units amount:1207.8 Fuel Cost and Levies: 222.29,Taxes: 193.49, Adjustments: -164.58. Monthly bill is KShs: 1459. Prev Bal is KShs 550.94. Total Outstanding is KShs: 2009.94. Due date 22-10-2018. Kindly pay before due date. Thank You.', '2019-04-01'),
(544, 'dd168eab36af74221077c7028d855403', 'Dear PETER KARIUKI MURAYA, ACCOUNT NO:103840201. Curr bill dated 05-10-2018 is as follows:  Active Meter - Curr Read: 300 (Est) Prev Read: 200, Estimated Units: 100 KWh,   Fixed charge: 0, Cons.units amount:1810 Fuel Cost and Levies: 342.21,Taxes: 290.99, Adjustments: -250.2. Monthly bill is KShs: 2193. Prev Bal is KShs -2971.95. Total Outstanding is KShs: -778.95. Due date 12-10-2018. Currently no bill to pay. Thank You.', '2019-04-01'),
(787, '5ce148389c5ca3660dd92db7cb5d68c3', 'Dear PETER KARIUKI MURAYA, ACCOUNT NO:38743254. Curr bill dated 19-02-2019 is as follows:  Active Meter - Curr Read: 19684 Prev Read: 18895,Billed Units: 789KWh,   Fixed charge: 0, Cons.units amount:14470.26 Fuel Cost and Levies: 3097.14,Taxes: 2360.52, Adjustments: -2161.92. Monthly bill is KShs: 17766. Prev Bal is KShs 551.66. Total Outstanding is KShs: 18317.66. Due date 26-02-2019. Kindly pay before due date. Thank You.', '2019-02-20'),
(1830, '9c86f5891c16caa2efd96f61708be9a0', 'ACCOUNT: 44573236\nNAME: PETER KARIUKI MURAYA\nAMOUNT: 5036.43\nDue on : 2019-04-05\nThank you E-Bill Kenyapower', '2019-04-01'),
(1832, '727c3590d8f51660ea2a9d951b08fe2e', 'ACCOUNT: 44573277\nNAME: PETER KARIUKI MURAYA\nAMOUNT: 1466.05\nDue on : 2019-04-05\nThank you E-Bill Kenyapower', '2019-04-01'),
(1833, 'd6970269a4a6f7f4e200e76eeef6eef8', 'ACCOUNT: 44573319\nNAME: PETER KARIUKI MURAYA\nAMOUNT: 2956.31\nDue on : 2019-02-25\nThank you E-Bill Kenyapower', '2019-04-01'),
(1834, '1ec6954047ff0a5526241d70d2cbaa89', 'ACCOUNT: 40490724\nNAME: PETER KARIUKI MURAYA\nAMOUNT: -377.29\nDue on : 2019-04-05\nThank you E-Bill Kenyapower', '2019-04-01'),
(1835, 'd803e50355da72ed8b744d7dfda18497', 'ACCOUNT: 44573343\nNAME: PETER KARIUKI MURAYA\nAMOUNT: 4592.96\nDue on : 2019-04-05\nThank you E-Bill Kenyapower', '2019-04-01'),
(1836, '97e34fb8bb49586d28ddd490b344a21c', 'ACCOUNT: 44573293\nNAME: PETER KARIUKI MURAYA\nAMOUNT: 2895.75\nDue on : 2019-04-05\nThank you E-Bill Kenyapower', '2019-04-01'),
(1837, '43c4a8e5a809d5f2ba3ae4805cfaced8', 'ACCOUNT: 48119382\nNAME: PETER KARIUKI MURAYA\nAMOUNT: 103159.28\nDue on : 2019-04-05\nThank you E-Bill Kenyapower', '2019-04-01'),
(1838, 'cbe3d80772b520f55777101e0f4e0c99', 'ACCOUNT: 40490773\nNAME: PETER KARIUKI MURAYA\nAMOUNT: 7418.17\nDue on : 2019-04-05\nThank you E-Bill Kenyapower', '2019-04-01'),
(1839, '9a96ef7deee4e9a57d302707fa0c6ab8', 'ACCOUNT: 44573400\nNAME: PETER KARIUKI MURAYA\nAMOUNT: 35332.07\nDue on : 2019-04-05\nThank you E-Bill Kenyapower', '2019-04-01'),
(1840, '6fabe86152b6b20fbba5ead642eb5fd5', 'ACCOUNT: 38743197\nNAME: PETER KARIUKI MURAYA\nAMOUNT: 300.75\nDue on : 2019-04-05\nThank you E-Bill Kenyapower', '2019-04-01'),
(1841, 'e112b764c265ec1bd11029935e351dd1', 'ACCOUNT: 44573376\nNAME: PETER KARIUKI MURAYA\nAMOUNT: 2021.94\nDue on : 2019-04-05\nThank you E-Bill Kenyapower', '2019-04-01'),
(1842, '1bb7978369216583fda7bc848d1f5941', 'ACCOUNT: 29304144\nNAME: PETER KARIUKI MURAYA\nAMOUNT: 14678.12\nDue on : 2019-04-05\nThank you E-Bill Kenyapower', '2019-04-01'),
(1843, 'b1b509d56e9e062aa64668ce3615ba4b', 'ACCOUNT: 38743155\nNAME: PETER KARIUKI MURAYA\nAMOUNT: 536.31\nDue on : 2019-04-05\nThank you E-Bill Kenyapower', '2019-04-01'),
(1844, 'ff0b98992c71d4637724854bb6ce659d', 'ACCOUNT: 40490732\nNAME: PETER KARIUKI MURAYA\nAMOUNT: 685.47\nDue on : 2018-12-24\nThank you E-Bill Kenyapower', '2019-04-01'),
(1845, 'c5741d7cd6c67b01af6596614b14cd8f', 'ACCOUNT: 34030668\nNAME: PETER KARIUKI MURAYA\nAMOUNT: 3335.16\nDue on : 2019-04-05\nThank you E-Bill Kenyapower', '2019-04-01'),
(1846, '74dce499cd1014eb4580b6b1e70ee6f8', 'ACCOUNT: 38743254\nNAME: PETER KARIUKI MURAYA\nAMOUNT: 24325.66\nDue on : 2019-04-05\nThank you E-Bill Kenyapower', '2019-04-01'),
(1847, '6e97f49fddf3e7ba508759c26a7c5b5f', 'ACCOUNT: 38743227\nNAME: PETER KARIUKI MURAYA\nAMOUNT: -5109.66\nDue on : 2019-04-05\nThank you E-Bill Kenyapower', '2019-04-01'),
(1848, '1e26e31184a4f2cf3a40821208a1dbc4', 'ACCOUNT: 103840201\nNAME: PETER KARIUKI MURAYA\nAMOUNT: 197383.05\nDue on : 2019-04-05\nThank you E-Bill Kenyapower', '2019-04-01'),
(1850, 'd009eb3cb40cda5320a06c21705e1e6d', 'ACCOUNT: 44573327\nNAME: PETER KARIUKI MURAYA\nAMOUNT: 708.04\nDue on : 2019-04-05\nThank you E-Bill Kenyapower', '2019-04-01'),
(1852, '193e0ffef2e07889e6d0ba13eb88bdb1', 'ACCOUNT: 40490757\nNAME: PETER KARIUKI MURAYA\nAMOUNT: 2208.27\nDue on : 2019-04-05\nThank you E-Bill Kenyapower', '2019-04-01'),
(1853, '145d2548e6c18e42b50a96c04361fe5c', 'ACCOUNT: 40490765\nNAME: PETER KARIUKI MURAYA\nAMOUNT: 46.91\nDue on : 2019-04-05\nThank you E-Bill Kenyapower', '2019-04-01'),
(1854, '20bf72e8d290f7e882679ce5b7ae75da', 'ACCOUNT: 34030643\nNAME: PETER KARIUKI MURAYA\nAMOUNT: 746.89\nDue on : 2019-04-05\nThank you E-Bill Kenyapower', '2019-04-01'),
(1855, '9f755e6abe3ecac1f5b3a529754b0467', 'ACCOUNT: 34030627\nNAME: PETER KARIUKI MURAYA\nAMOUNT: 1156.11\nDue on : 2019-04-05\nThank you E-Bill Kenyapower', '2019-04-01'),
(1856, 'f61583eaac0772a2cb56b2ea0c3ba2ee', 'ACCOUNT: 34030593\nNAME: PETER KARIUKI MURAYA\nAMOUNT: 9074.84\nDue on : 2019-04-05\nThank you E-Bill Kenyapower', '2019-04-01'),
(1858, '3989cf401c2b39a5a368e776edb3dc84', 'ACCOUNT: 44573251\nNAME: PETER KARIUKI MURAYA\nAMOUNT: 2035.43\nDue on : 2019-04-05\nThank you E-Bill Kenyapower', '2019-04-01'),
(1859, '7adb386c65f4aa173a95d964373ac6d1', 'ACCOUNT: 34030692\nNAME: PETER KARIUKI MURAYA\nAMOUNT: 2611.86\nDue on : 2019-04-05\nThank you E-Bill Kenyapower', '2019-04-01'),
(1860, 'fd2f342ea5bae9f1ee8fd235c0f1f881', 'ACCOUNT: 29304185\nNAME: PETER KARIUKI MURAYA\nAMOUNT: 10942.52\nDue on : 2019-04-05\nThank you E-Bill Kenyapower', '2019-04-01'),
(1861, '12939b679053c427d10d05fb5f8563d1', 'ACCOUNT: 29304136\nNAME: PETER KARIUKI MURAYA\nAMOUNT: 3262.93\nDue on : 2019-04-05\nThank you E-Bill Kenyapower', '2019-04-01'),
(1862, '71d12d2659863dc10e665d427bef1e89', 'ACCOUNT: 29304128\nNAME: PETER KARIUKI MURAYA\nAMOUNT: 1331.32\nDue on : 2019-04-05\nThank you E-Bill Kenyapower', '2019-04-01');

-- --------------------------------------------------------

--
-- Table structure for table `note`
--

CREATE TABLE `note` (
  `note` int(11) NOT NULL,
  `invoice` int(11) NOT NULL,
  `info` longtext DEFAULT NULL
) ENGINE=InnoDB DEFAULT CHARSET=latin1;

-- --------------------------------------------------------

--
-- Table structure for table `payment`
--

CREATE TABLE `payment` (
  `payment` int(11) NOT NULL,
  `client` int(11) NOT NULL,
  `invoice` int(11) DEFAULT NULL,
  `date` date NOT NULL,
  `bank` varchar(255) DEFAULT NULL,
  `amount` double DEFAULT NULL,
  `type` varchar(20) DEFAULT NULL,
  `ref` varchar(30) DEFAULT NULL,
  `description` varchar(50) DEFAULT NULL
) ENGINE=InnoDB DEFAULT CHARSET=latin1;

--
-- Dumping data for table `payment`
--

INSERT INTO `payment` (`payment`, `client`, `invoice`, `date`, `bank`, `amount`, `type`, `ref`, `description`) VALUES
(1, 20, 2057, '2019-02-13', 'KCB', 20000, NULL, NULL, 'Rent '),
(2, 9, 2050, '2019-02-05', 'Coop', 12500, NULL, NULL, 'Rent'),
(3, 7, 2047, '2019-02-05', 'Coop', 20000, NULL, NULL, 'Rent '),
(4, 28, 2051, '2019-02-05', 'Coop', 10000, NULL, NULL, 'Rent '),
(5, 4, 2043, '2019-02-16', 'Coop', 36750, NULL, NULL, 'Rent '),
(6, 23, NULL, '2019-03-06', 'Coop', 40000, 'cash', '0726398955', 'rent'),
(7, 23, NULL, '2019-03-07', 'coop', 85000, 'cash', '3135601', 'rent'),
(8, 9, NULL, '2019-03-25', 'coop', 800, 'cash', '908410910869', 'water'),
(9, 20, NULL, '2019-03-18', 'coop', 50000, 'cheque', '000023', 'rent'),
(10, 22, NULL, '2019-03-05', 'coop', 65250, 'cheque', '3117601', 'rent'),
(11, 25, NULL, '2019-03-08', 'coop', 65250, 'cash', '3140901', 'rent'),
(12, 28, NULL, '2019-03-27', 'coop', 1200, 'cash', 'POSAGO15951', 'rent'),
(13, 9, NULL, '2019-03-28', 'coop', 1100, 'cash', '021583', 'water'),
(14, 28, NULL, '2019-03-29', 'coop', 2400, 'cash', '015951', 'water'),
(15, 28, NULL, '2019-03-22', 'coop', 1200, 'cash', '015951', 'rent'),
(16, 28, NULL, '2019-03-25', 'coop', 2400, 'cash', '015951', 'rent'),
(17, 15, NULL, '2019-03-27', 'coop', 43500, 'cheque', '261', 'rent'),
(18, 28, NULL, '2019-03-20', 'coop', 1200, 'cash', '015951', 'rent'),
(19, 28, NULL, '2019-03-21', 'coop', 1200, 'cash', '015951', 'rent'),
(20, 28, NULL, '2019-03-18', 'coop', 1200, 'cash', '015951', 'rent'),
(21, 15, NULL, '2019-03-06', 'coop', 2698, 'cheque', '258', 'rent'),
(22, 26, NULL, '2019-03-06', 'coop', 65250, 'cash', '015951', 'rent'),
(23, 14, NULL, '2019-03-14', 'kcb ', 60000, 'cheque', '001312', 'rent'),
(24, 9, NULL, '2019-03-12', 'coop', 12500, 'cash', 'no reference number', 'rent'),
(25, 26, NULL, '2019-03-04', 'coop', 285, 'cash', '906313006174', 'electricity'),
(26, 28, NULL, '2019-03-19', 'coop', 1200, 'cash', '90781915928', NULL),
(27, 9, NULL, '2019-04-04', 'Coop', 1350, 'cash', '909413685739', 'Water'),
(28, 9, NULL, '2019-04-10', 'Coop', 1750, 'cash', '910010959398', 'Water'),
(29, 4, NULL, '2019-04-08', 'Coop', 1855, 'cash', '909812183581', 'Electricity'),
(30, 9, NULL, '2019-04-26', 'Coop', 12500, 'Cheque', '7458409510', 'Rent'),
(31, 2, NULL, '2019-04-11', 'Coop', 228589, 'Cheque', '1177572910', 'Rent'),
(32, 17, NULL, '2019-04-10', 'Coop', 65250, 'Cheque', '000907', 'Rent');

-- --------------------------------------------------------

--
-- Table structure for table `period`
--

CREATE TABLE `period` (
  `period` int(11) NOT NULL,
  `year` int(5) NOT NULL,
  `month` int(5) NOT NULL,
  `cutoff` date DEFAULT NULL
) ENGINE=InnoDB DEFAULT CHARSET=latin1;

--
-- Dumping data for table `period`
--

INSERT INTO `period` (`period`, `year`, `month`, `cutoff`) VALUES
(112, 2019, 3, '2019-03-31'),
(113, 2019, 2, '2019-02-28'),
(114, 2019, 4, '2019-04-30'),
(120, 2019, 5, '2019-05-31');

-- --------------------------------------------------------

--
-- Table structure for table `picture`
--

CREATE TABLE `picture` (
  `picture` int(11) NOT NULL,
  `room` int(11) NOT NULL,
  `name` varchar(50) NOT NULL,
  `elevation` varchar(50) DEFAULT NULL
) ENGINE=InnoDB DEFAULT CHARSET=latin1;

-- --------------------------------------------------------

--
-- Table structure for table `rent`
--

CREATE TABLE `rent` (
  `rent` int(11) NOT NULL,
  `invoice` int(11) NOT NULL,
  `agreement` int(11) NOT NULL,
  `room_no` varchar(255) DEFAULT NULL,
  `price` double DEFAULT NULL,
  `agreement_end_date` date DEFAULT NULL,
  `factor` int(5) DEFAULT NULL,
  `amount` double DEFAULT NULL
) ENGINE=InnoDB DEFAULT CHARSET=latin1;

--
-- Dumping data for table `rent`
--

INSERT INTO `rent` (`rent`, `invoice`, `agreement`, `room_no`, `price`, `agreement_end_date`, `factor`, `amount`) VALUES
(2470, 2081, 10, '42', 11250, '2015-12-01', 1, 11250),
(2471, 2069, 3, '7', 47880, '2017-04-01', NULL, NULL),
(2472, 2089, 20, '12', 45000, '2018-04-01', NULL, NULL),
(2473, 2083, 17, '31', 20000, '2018-06-01', NULL, NULL),
(2474, 2069, 4, '34', 0, '2018-10-01', NULL, NULL),
(2475, 2069, 5, '35', 0, '2018-10-01', NULL, NULL),
(2476, 2069, 6, '36', 5000, '2018-10-01', NULL, NULL),
(2477, 2069, 7, '37', 5000, '2018-10-01', NULL, NULL),
(2478, 2069, 8, '39', 5000, '2018-10-01', NULL, NULL),
(2479, 2069, 9, '40', 5000, '2018-10-01', NULL, NULL),
(2480, 2069, 39, '40.1', 0, '2018-10-01', NULL, NULL),
(2481, 2067, 1, '25', 9500, '2019-04-01', NULL, NULL),
(2482, 2084, 18, '30', 20000, '2019-05-01', 3, 60000),
(2483, 2072, 12, '43', 0, '2020-01-01', NULL, NULL),
(2484, 2072, 11, '5', 140000, '2020-01-01', NULL, NULL),
(2485, 2087, 19, '23', 20000, '2020-02-01', 1, 20000),
(2486, 2074, 13, '27', 12000, '2020-04-01', NULL, NULL),
(2487, 2077, 14, '28', 20000, '2020-04-01', NULL, NULL),
(2488, 2088, 28, '19', 20000, '2022-01-01', 1, 20000),
(2489, 2072, 34, 'deekos_stores', 15000, '2022-01-01', NULL, NULL),
(2490, 2079, 30, '14', 15000, '2022-02-01', 3, 45000),
(2491, 2086, 27, '18', 20000, '2022-06-01', NULL, NULL),
(2492, 2090, 29, '16', 16000, '2022-07-01', NULL, NULL),
(2493, 2078, 24, '21', 18000, '2022-07-01', 1, 18000),
(2494, 2069, 2, '6', 5000, '2022-10-01', NULL, NULL),
(2495, 2070, 43, '1/hq', 145800, '2022-12-01', NULL, NULL),
(2496, 2072, 35, 'deekos_cafe_ext', 0, '2023-01-01', NULL, NULL),
(2497, 2076, 23, '11', 20000, '2023-02-01', 3, 60000),
(2498, 2082, 25, '10', 20000, '2023-03-01', NULL, NULL),
(2499, 2068, 21, '22', 20000, '2023-06-01', NULL, NULL),
(2500, 2080, 33, '9', 20000, '2023-08-01', 3, 60000),
(2501, 2085, 26, '29', 20000, '2023-09-01', NULL, NULL),
(2502, 2075, 32, '24', 20000, '2023-12-01', NULL, NULL),
(2503, 2073, 40, '32', 20000, '2024-03-01', NULL, NULL),
(2533, 2050, 10, '42', 11250, '2015-12-01', 1, 11250),
(2534, 2038, 3, '7', 47880, '2017-04-01', NULL, NULL),
(2535, 2058, 20, '12', 45000, '2018-04-01', NULL, NULL),
(2536, 2052, 17, '31', 20000, '2018-06-01', 3, 60000),
(2537, 2038, 6, '36', 5000, '2018-10-01', NULL, NULL),
(2538, 2038, 7, '37', 5000, '2018-10-01', NULL, NULL),
(2539, 2038, 8, '39', 5000, '2018-10-01', NULL, NULL),
(2540, 2038, 9, '40', 5000, '2018-10-01', NULL, NULL),
(2541, 2038, 39, '40.1', 0, '2018-10-01', NULL, NULL),
(2542, 2038, 4, '34', 0, '2018-10-01', NULL, NULL),
(2543, 2038, 5, '35', 0, '2018-10-01', NULL, NULL),
(2544, 2036, 1, '25', 9500, '2019-04-01', NULL, NULL),
(2545, 2053, 18, '30', 20000, '2019-05-01', NULL, NULL),
(2546, 2041, 12, '43', 0, '2020-01-01', NULL, NULL),
(2547, 2041, 11, '5', 140000, '2020-01-01', NULL, NULL),
(2548, 2056, 19, '23', 20000, '2020-02-01', 1, 20000),
(2549, 2046, 14, '28', 20000, '2020-04-01', NULL, NULL),
(2550, 2043, 13, '27', 12000, '2020-04-01', NULL, NULL),
(2551, 2057, 28, '19', 20000, '2022-01-01', 1, 20000),
(2552, 2041, 34, 'deekos_stores', 15000, '2022-01-01', NULL, NULL),
(2553, 2048, 30, '14', 15000, '2022-02-01', NULL, NULL),
(2554, 2055, 27, '18', 20000, '2022-06-01', 3, 60000),
(2555, 2059, 29, '16', 16000, '2022-07-01', NULL, NULL),
(2556, 2047, 24, '21', 18000, '2022-07-01', 1, 18000),
(2557, 2038, 2, '6', 5000, '2022-10-01', NULL, NULL),
(2558, 2039, 43, '1/hq', 145800, '2022-12-01', 3, 437400),
(2559, 2041, 35, 'deekos_cafe_ext', 0, '2023-01-01', NULL, NULL),
(2560, 2045, 23, '11', 20000, '2023-02-01', NULL, NULL),
(2561, 2051, 25, '10', 20000, '2023-03-01', 3, 60000),
(2562, 2037, 21, '22', 20000, '2023-06-01', 3, 60000),
(2563, 2049, 33, '9', 20000, '2023-08-01', NULL, NULL),
(2564, 2054, 26, '29', 20000, '2023-09-01', 3, 60000),
(2565, 2044, 32, '24', 20000, '2023-12-01', 3, 60000),
(2566, 2042, 40, '32', 20000, '2024-03-01', 3, 60000),
(2567, 2112, 10, '42', 11250, '2015-12-01', 1, 11250),
(2568, 2100, 3, '7', 47880, '2017-04-01', 3, 143640),
(2569, 2114, 17, '31', 20000, '2018-06-01', NULL, NULL),
(2570, 2100, 7, '37', 5000, '2018-10-01', 3, 15000),
(2571, 2100, 8, '39', 5000, '2018-10-01', 3, 15000),
(2572, 2100, 9, '40', 5000, '2018-10-01', 3, 15000),
(2573, 2100, 39, '40.1', 0, '2018-10-01', 3, 0),
(2574, 2100, 4, '34', 0, '2018-10-01', 3, 0),
(2575, 2100, 5, '35', 0, '2018-10-01', 3, 0),
(2576, 2100, 6, '36', 5000, '2018-10-01', 3, 15000),
(2577, 2098, 1, '25', 9500, '2019-04-01', 3, 28500),
(2578, 2115, 18, '30', 20000, '2019-05-01', NULL, NULL),
(2579, 2103, 11, '5', 140000, '2020-01-01', 3, 420000),
(2580, 2103, 12, '43', 0, '2020-01-01', 3, 0),
(2581, 2118, 19, '23', 20000, '2020-02-01', 1, 20000),
(2582, 2108, 14, '28', 20000, '2020-04-01', 3, 60000),
(2583, 2105, 13, '27', 12000, '2020-04-01', 3, 36000),
(2584, 2103, 34, 'deekos_stores', 15000, '2022-01-01', 3, 45000),
(2585, 2119, 28, '19', 20000, '2022-01-01', 1, 20000),
(2586, 2110, 30, '14', 15000, '2022-02-01', NULL, NULL),
(2587, 2117, 27, '18', 20000, '2022-06-01', NULL, NULL),
(2588, 2121, 29, '16', 16000, '2022-07-01', 3, 48000),
(2589, 2109, 24, '21', 18000, '2022-07-01', 1, 18000),
(2590, 2100, 2, '6', 5000, '2022-10-01', 3, 15000),
(2591, 2101, 43, '1/hq', 145800, '2022-12-01', NULL, NULL),
(2592, 2103, 35, 'deekos_cafe_ext', 0, '2023-01-01', 3, 0),
(2593, 2107, 23, '11', 20000, '2023-02-01', NULL, NULL),
(2594, 2113, 25, '10', 20000, '2023-03-01', NULL, NULL),
(2595, 2099, 21, '22', 20000, '2023-06-01', NULL, NULL),
(2596, 2111, 33, '9', 20000, '2023-08-01', NULL, NULL),
(2597, 2116, 26, '29', 20000, '2023-09-01', NULL, NULL),
(2598, 2106, 32, '24', 20000, '2023-12-01', NULL, NULL),
(2599, 2104, 40, '32', 20000, '2024-03-01', NULL, NULL),
(2600, 2120, 44, '12', 55020, '2024-04-01', 3, 165060);

-- --------------------------------------------------------

--
-- Table structure for table `room`
--

CREATE TABLE `room` (
  `room` int(11) NOT NULL,
  `uid` varchar(255) NOT NULL,
  `is_psuedo` int(1) NOT NULL,
  `title` varchar(255) DEFAULT NULL,
  `floor` varchar(255) DEFAULT NULL,
  `wing` varchar(255) DEFAULT NULL,
  `width_ft` int(5) DEFAULT NULL,
  `width_inch` int(5) DEFAULT NULL,
  `breadth_ft` int(5) DEFAULT NULL,
  `breadth_inch` int(5) DEFAULT NULL,
  `area_sq_m` double DEFAULT NULL,
  `area_sq_ft` int(5) DEFAULT NULL
) ENGINE=InnoDB DEFAULT CHARSET=latin1;

--
-- Dumping data for table `room`
--

INSERT INTO `room` (`room`, `uid`, `is_psuedo`, `title`, `floor`, `wing`, `width_ft`, `width_inch`, `breadth_ft`, `breadth_inch`, `area_sq_m`, `area_sq_ft`) VALUES
(1, '29', 0, 'Orusa Tours', '2', 'NW', 12, 6, 37, 0, NULL, NULL),
(2, '43', 0, 'Deekos Cafeteria', '0', 'NE', 8, 0, 86, 0, NULL, NULL),
(3, '3', 0, 'Lovinah', '0', 'SE', 8, 4, 19, 4, NULL, NULL),
(4, '5', 0, 'Deekos Bakery', '0', 'N', 37, 0, 85, 0, NULL, NULL),
(5, '6', 0, 'Chic Joint lounge/meeting room', '0', 'NW', 21, 0, 10, 0, NULL, NULL),
(6, '7', 0, 'Chic Joint-main bar', '0', 'SW', 37, 0, 34, 4, NULL, NULL),
(7, '9', 0, 'Meeting room', '1', 'NE', 12, 0, 40, 0, NULL, NULL),
(8, '10', 0, 'Maa steaks', '1', 'NE', 12, 6, 39, 0, NULL, NULL),
(9, '11', 0, 'Green firm investment', '1', 'NE', 14, 0, 38, 6, NULL, NULL),
(10, '12', 0, 'Ukristo na Ufanisi', '1', 'NW', 22, 7, 48, 8, NULL, NULL),
(11, '13', 0, 'Puan Emaa Housing', '1', 'NW', 9, 8, 18, 4, NULL, NULL),
(12, '14', 0, 'Kecobat', '1', 'NW', 13, 3, 12, 9, NULL, NULL),
(13, '15', 0, 'Fair deal Surveyors', '1', 'NW', 13, 3, 25, 0, NULL, NULL),
(14, '16', 0, 'Vane Kwamboka and Co. Advocates', '1', 'NW', 12, 0, 27, 5, NULL, NULL),
(15, '17', 0, 'Nyamais Store[small room]', '1', 'SW', 8, 0, 11, 0, NULL, NULL),
(16, '18', 0, 'Plotect', '1', 'SW', 13, 0, 35, 10, NULL, NULL),
(17, '19', 0, 'Simaloy', '1', 'SW', 13, 0, 35, 10, NULL, NULL),
(18, '20', 0, 'New room above chic joint/Store[big room]', '1', 'SW', 9, 2, 34, 0, NULL, NULL),
(19, '21', 0, 'Kiserian College of Accountancy', '2', 'SE', 24, 8, 36, 3, NULL, NULL),
(20, '22', 0, 'Archihub construction ltd', '2', 'SE', 12, 8, 36, 3, NULL, NULL),
(21, '23', 0, 'Sidai', '2', 'NE', 12, 9, 37, 0, NULL, NULL),
(22, '24', 0, 'Masabi ranch oltepesi', '2', 'NE', 12, 8, 37, 0, NULL, NULL),
(23, '27', 0, 'Geocad Enterprises Ltd', '2', 'NE', 16, 7, 12, 0, NULL, NULL),
(24, '25', 0, '4th Generation', '2', 'NE', 12, 0, 12, 4, NULL, NULL),
(25, '28', 0, 'Ries Kaakua and Co.Advocates', '2', 'NW', 13, 0, 37, 0, NULL, NULL),
(26, '26', 0, 'Transcounty investment company', '2', 'NE', 7, 9, 12, 4, NULL, NULL),
(27, '30', 0, 'Olgilai', '2', 'NW', 13, 0, 37, 0, NULL, NULL),
(28, '31', 0, 'Naikuni Ngaah and Miencha', '2', 'SW', 12, 10, 36, 4, NULL, NULL),
(29, '32', 0, 'Meeting room/kanisa', '2', 'SW', 12, 6, 36, 4, NULL, NULL),
(30, '33', 0, 'Small office', '2', 'SW', 7, 0, 12, 0, NULL, NULL),
(31, '34', 0, 'Chic Joint Tented area/terrace', 'x', 'S', 37, 0, 39, 0, NULL, NULL),
(32, '35', 0, 'Chic Joint-kitchen', 'x', 'S', 14, 7, 19, 0, NULL, NULL),
(33, '36', 0, 'Chic Joint-Ken\'s office', 'x', 'S', 10, 0, 11, 6, NULL, NULL),
(34, '37', 0, 'Chic Joint-Store1', 'x', 'S', 10, 0, 11, 6, NULL, NULL),
(35, '38', 0, 'Chic Joint-Store2', 'x', 'S', 9, 4, 11, 6, NULL, NULL),
(36, '39', 0, 'Chic Joint-Pool bar-Door1', 'x', 'W', 18, 10, 11, 0, NULL, NULL),
(37, '40', 0, 'Chick Joint-Bar bar- Door2', 'x', 'W', 24, 0, 18, 0, NULL, NULL),
(38, '41', 0, 'GG\'s welding room', 'x', 'W', 14, 8, 10, 0, NULL, NULL),
(39, '42', 0, 'Kinyozi/new', 'x', 'W', 16, 7, 13, 10, NULL, NULL),
(40, '1/kiserian', 0, 'Coop. Bank/Kiserian', '1', 'SE', NULL, NULL, NULL, NULL, NULL, NULL),
(41, 'wycliffe', 1, 'Former Wycliffes office', 'x', NULL, NULL, NULL, NULL, NULL, NULL, NULL),
(42, 'mutal_data', 0, 'Mutall Office & security power', '4', 'SE', NULL, NULL, NULL, NULL, NULL, NULL),
(43, 'mutall_tap', 1, 'Mutall Water Taps', NULL, NULL, NULL, NULL, NULL, NULL, NULL, NULL),
(44, 'deekos_toilets', 1, 'Deekos Toilets', NULL, NULL, NULL, NULL, NULL, NULL, NULL, NULL),
(45, 'mutall_toilets', 1, 'Mutall Toilets', NULL, NULL, NULL, NULL, NULL, NULL, NULL, NULL),
(46, 'chic_toilets', 1, 'Chic Joint Toilets', NULL, NULL, NULL, NULL, NULL, NULL, NULL, NULL),
(47, 'deekos_stores', 0, 'Deekos Stores Extension', NULL, NULL, NULL, NULL, NULL, NULL, NULL, NULL),
(48, 'deekos_cafe_ext', 0, 'Deekos Cafeteria (Veranda) Extension', NULL, NULL, NULL, NULL, NULL, NULL, NULL, NULL),
(49, '42.1', 0, 'Extension of Kinyozi Area', NULL, NULL, NULL, NULL, NULL, NULL, NULL, NULL),
(50, 'deekos_toilet', 1, 'Deekos toilets', NULL, NULL, NULL, NULL, NULL, NULL, NULL, NULL),
(51, '40.1', 0, 'Chick joint pool bar Extension', NULL, NULL, NULL, NULL, NULL, NULL, NULL, NULL),
(52, '1/hq', 0, 'Coop./Hq', '1', 'SE', NULL, NULL, NULL, NULL, NULL, NULL);

-- --------------------------------------------------------

--
-- Table structure for table `service`
--

CREATE TABLE `service` (
  `service` int(11) NOT NULL,
  `name` varchar(255) NOT NULL,
  `description` varchar(255) DEFAULT NULL,
  `price` double DEFAULT NULL,
  `auto` int(1) NOT NULL
) ENGINE=InnoDB DEFAULT CHARSET=latin1;

--
-- Dumping data for table `service`
--

INSERT INTO `service` (`service`, `name`, `description`, `price`, `auto`) VALUES
(1, 'gabbage', 'Gabbage collection', 250, 1),
(2, 'security', 'Night time security', 1300, 1),
(3, 'IT', 'IT support', 2000, 0),
(4, 'power', 'Stand-by power generator', NULL, 0),
(5, 'general', 'Other general support', NULL, 0),
(6, 'water', 'Unmetered water', 200, 1);

-- --------------------------------------------------------

--
-- Table structure for table `subscription`
--

CREATE TABLE `subscription` (
  `subscription` int(11) NOT NULL,
  `client` int(11) NOT NULL,
  `service` int(11) NOT NULL,
  `amount` double DEFAULT NULL
) ENGINE=InnoDB DEFAULT CHARSET=latin1;

--
-- Dumping data for table `subscription`
--

INSERT INTO `subscription` (`subscription`, `client`, `service`, `amount`) VALUES
(1, 2, 1, NULL),
(2, 3, 1, NULL),
(3, 32, 5, 1500),
(4, 2, 2, NULL),
(5, 3, 2, NULL),
(6, 19, 2, NULL),
(7, 2, 6, NULL),
(8, 3, 6, NULL),
(9, 28, 6, NULL),
(10, 9, 6, NULL),
(11, 18, 6, NULL),
(12, 19, 6, NULL),
(13, 19, 1, NULL),
(14, 32, 2, NULL),
(21, 32, 1, NULL),
(22, 32, 6, NULL),
(23, 18, 2, NULL),
(24, 18, 1, 300),
(25, 9, 2, NULL);

-- --------------------------------------------------------

--
-- Table structure for table `water`
--

CREATE TABLE `water` (
  `water` int(11) NOT NULL,
  `wconnection` int(11) NOT NULL,
  `invoice` int(11) NOT NULL,
  `serial_no` varchar(255) DEFAULT NULL,
  `prev_date` date DEFAULT NULL,
  `prev_value` double DEFAULT NULL,
  `curr_date` date DEFAULT NULL,
  `curr_value` double DEFAULT NULL,
  `consumption` double DEFAULT NULL,
  `rate` double DEFAULT NULL,
  `amount` double DEFAULT NULL
) ENGINE=InnoDB DEFAULT CHARSET=latin1;

--
-- Dumping data for table `water`
--

INSERT INTO `water` (`water`, `wconnection`, `invoice`, `serial_no`, `prev_date`, `prev_value`, `curr_date`, `curr_value`, `consumption`, `rate`, `amount`) VALUES
(611, 1, 2082, '2017-12-8852', '2018-12-31', 58, '2019-01-31', 70, 12, 200, 2400),
(612, 3, 2089, '300746', '2018-12-31', 79.319, '2019-01-31', 80.382, 1.0630000000000024, 200, 212.60000000000048),
(613, 4, 2072, '14081172', '2018-12-31', 1951.417, '2019-01-31', 2000.043, 48.625999999999976, 200, 9725.199999999995),
(614, 6, 2071, 'ISO 4064', '2018-12-31', 207.8, '2019-01-31', 221.5, 13.699999999999989, 200, 2739.9999999999977),
(615, 11, 2072, '2012-12-9562', '2018-12-31', 106, '2019-01-31', 119, 13, 200, 2600),
(616, 12, 2069, '2017-12-7058                ', '2018-12-31', 143, '2019-01-31', 161, 18, 200, 3600),
(617, 14, 2071, 'ISO 4064 BH', '2018-12-31', 14, '2019-01-31', 14, 0, 200, 0),
(618, 15, 2081, '18031498', '2018-12-31', 10.077, '2019-01-31', 13.317, 3.24, 200, 648),
(619, 16, 2069, '18030750', '2018-12-31', 199.242, '2019-01-31', 229.499, 30.257000000000005, 120, 3630.8400000000006),
(620, 18, 2082, '18030760', '2019-01-31', 0, '2019-01-31', 0, 0, 200, 0),
(621, 19, 2069, '18030792', '2019-01-31', 0, '2019-01-31', 0, 0, 200, 0),
(622, 21, 2072, '18031083', '2019-01-31', 0, '2019-01-31', 0, 0, 200, 0),
(626, 19, 2038, '18030792', '2019-01-31', 0, '2019-02-28', 15.371, 15.371, 200, 3074.2000000000003),
(627, 16, 2038, '18030750', '2019-01-31', 229.499, '2019-02-28', 261.934, 32.43500000000003, 120, 3892.2000000000035),
(628, 14, 2040, 'ISO 4064 BH', '2019-01-31', 14, '2019-02-28', 14, 0, 200, 0),
(629, 6, 2040, 'ISO 4064', '2019-01-31', 221.5, '2019-02-28', 236.1, 14.599999999999994, 200, 2919.999999999999),
(630, 21, 2041, '18031083', '2019-01-31', 0, '2019-02-28', 7.908, 7.908, 200, 1581.6000000000001),
(631, 4, 2041, '14081172', '2019-01-31', 2000.043, '2019-02-28', 2042.855, 42.812000000000126, 200, 8562.400000000025),
(632, 15, 2050, '18031498', '2019-01-31', 13.317, '2019-02-28', 16.936, 3.6189999999999998, 200, 723.8),
(633, 18, 2051, '18030760', '2019-01-31', 0, '2019-02-28', 9.755, 9.755, 200, 1951.0000000000002),
(634, 3, 2058, '300746', '2019-01-31', 80.382, '2019-02-28', 81.389, 1.0069999999999908, 200, 201.39999999999816),
(635, 3, 2120, '300746', '2019-02-28', 81.389, '2019-03-31', 83.881, 2.4920000000000044, 200, 498.4000000000009),
(636, 4, 2103, '14081172', '2019-02-28', 2042.855, '2019-03-31', 2096.336, 53.48099999999977, 200, 10696.199999999953),
(637, 6, 2102, 'ISO 4064', '2019-02-28', 236.1, '2019-03-31', 275.7, 39.599999999999994, 200, 7919.999999999999),
(638, 14, 2102, 'ISO 4064 BH', '2019-02-28', 14, '2019-03-31', 14, 0, 200, 0),
(639, 15, 2112, '18031498', '2019-02-28', 16.936, '2019-03-31', 21.551, 4.614999999999998, 200, 922.9999999999997),
(640, 16, 2100, '18030750', '2019-02-28', 261.934, '2019-03-31', 312.396, 50.46199999999999, 120, 6055.439999999999),
(641, 18, 2113, '18030760', '2019-02-28', 9.755, '2019-03-31', 21.779, 12.024, 200, 2404.7999999999997),
(642, 19, 2100, '18030792', '2019-02-28', 15.371, '2019-03-31', 33.478, 18.107, 200, 3621.3999999999996),
(643, 21, 2103, '18031083', '2019-02-28', 7.908, '2019-03-31', 16.81, 8.901999999999997, 200, 1780.3999999999994);

-- --------------------------------------------------------

--
-- Table structure for table `wconnection`
--

CREATE TABLE `wconnection` (
  `wconnection` int(11) NOT NULL,
  `room` int(11) NOT NULL,
  `wmeter` int(11) NOT NULL,
  `rate` double DEFAULT NULL,
  `start_date` date DEFAULT NULL,
  `end_date` date NOT NULL,
  `start_reading` int(10) DEFAULT NULL,
  `end_reading` int(10) DEFAULT NULL,
  `disconnected` date DEFAULT NULL
) ENGINE=InnoDB DEFAULT CHARSET=latin1;

--
-- Dumping data for table `wconnection`
--

INSERT INTO `wconnection` (`wconnection`, `room`, `wmeter`, `rate`, `start_date`, `end_date`, `start_reading`, `end_reading`, `disconnected`) VALUES
(1, 8, 1, 200, '2018-06-25', '2019-01-31', NULL, 70, NULL),
(2, 3, 3, 200, '2018-06-25', '2030-12-31', NULL, NULL, NULL),
(3, 10, 4, 200, '2018-06-25', '2030-12-31', NULL, NULL, NULL),
(4, 4, 5, 200, '2018-06-25', '2030-12-31', NULL, NULL, NULL),
(5, 2, 6, 200, '2018-06-25', '2018-01-01', NULL, NULL, NULL),
(6, 40, 8, 200, '2018-06-25', '2030-12-31', NULL, NULL, NULL),
(7, 39, 9, 200, '2018-06-25', '2018-10-01', NULL, NULL, NULL),
(8, 43, 10, NULL, '2018-06-25', '2030-12-31', NULL, NULL, NULL),
(9, 46, 11, 120, '2018-06-25', '2018-09-30', NULL, NULL, NULL),
(10, 43, 12, NULL, '2018-06-25', '2019-01-31', NULL, 105, NULL),
(11, 44, 13, 200, '2018-06-25', '2019-01-31', NULL, 119, NULL),
(12, 32, 2, 200, '2018-06-25', '2019-01-31', NULL, 161, NULL),
(13, 45, 10, NULL, '2018-06-25', '2030-12-31', NULL, NULL, NULL),
(14, 40, 20, 200, '2018-06-25', '2030-12-31', NULL, NULL, NULL),
(15, 39, 23, 200, NULL, '2030-12-31', NULL, NULL, NULL),
(16, 46, 24, 120, NULL, '2030-12-31', NULL, NULL, NULL),
(17, 50, 13, 200, '2015-01-01', '2030-12-31', NULL, NULL, NULL),
(18, 8, 26, 200, '2019-01-31', '2030-12-31', 0, NULL, NULL),
(19, 32, 27, 200, '2019-01-31', '2030-12-31', 0, NULL, NULL),
(20, 43, 28, 200, '2019-01-31', '2030-12-31', 0, NULL, NULL),
(21, 44, 29, 200, '2019-01-31', '2030-12-31', 0, NULL, NULL);

-- --------------------------------------------------------

--
-- Table structure for table `wmeter`
--

CREATE TABLE `wmeter` (
  `wmeter` int(11) NOT NULL,
  `serial_no` varchar(255) NOT NULL,
  `name` varchar(255) DEFAULT NULL,
  `comment` varchar(255) DEFAULT NULL,
  `is_supply` int(1) NOT NULL
) ENGINE=InnoDB DEFAULT CHARSET=latin1;

--
-- Dumping data for table `wmeter`
--

INSERT INTO `wmeter` (`wmeter`, `serial_no`, `name`, `comment`, `is_supply`) VALUES
(1, '2017-12-8852', 'Maa steaks/closed', 'closed', 0),
(2, '2017-12-7058                ', 'Chickjoint kitchen/closed', 'closed', 0),
(3, '15061026', 'Lovina', NULL, 0),
(4, '300746', 'Ukiristo', NULL, 0),
(5, '14081172', 'Deekos bakery', NULL, 0),
(6, '14089399', 'Deekos cafeteria', NULL, 0),
(7, '004973', 'Ololaiser', NULL, 1),
(8, 'ISO 4064', 'Co-ope Bank', NULL, 0),
(9, '201215300', 'Kinyozi', NULL, 0),
(10, '2017-12-8299', 'Mutall Tap', NULL, 0),
(11, '15065729', 'Chickjoint toilets', NULL, 0),
(12, '2012-12-8841', 'Mutall Tap/closed on 31/1/2019', 'closed', 0),
(13, '2012-12-9562', 'Deekos Toilets', 'closed', 0),
(14, 'Bh', 'Borehole ', NULL, 1),
(15, 'Ur', 'Underground reservoir', NULL, 1),
(16, '300713', NULL, NULL, 0),
(17, '2017.4.8285', NULL, NULL, 0),
(18, '11027722', NULL, NULL, 0),
(19, '2017.5.8126', NULL, NULL, 0),
(20, 'ISO 4064 BH', 'Co-ope Bank/borehole', NULL, 0),
(21, '18030896', 'Eureka waters', NULL, 1),
(22, '15080707', 'Underground reservoir', NULL, 0),
(23, '18031498', 'Kinyonzi new meter/01-10-2018', NULL, 0),
(24, '18030750', 'Chic joint toillets/30-09-2018', NULL, 0),
(25, '15020642', 'Chic joint kitchen/01-08-2018', NULL, 0),
(26, '18030760', 'maa steak/on 1.02.2019', 'replacement', 0),
(27, '18030792', 'chicjoint kitchen/on 01.02.2019', 'replacement', 0),
(28, '18031595', 'mutall tap/on 01.02.2019', 'replacement', 0),
(29, '18031083', 'deekos toilet/on 01.02.2019', 'replacement', 0);

-- --------------------------------------------------------

--
-- Table structure for table `wreading`
--

CREATE TABLE `wreading` (
  `wreading` int(11) NOT NULL,
  `wmeter` int(11) NOT NULL,
  `invoice` int(11) DEFAULT NULL,
  `date` date NOT NULL,
  `value` double DEFAULT NULL,
  `remark` varchar(255) DEFAULT NULL
) ENGINE=InnoDB DEFAULT CHARSET=latin1;

--
-- Dumping data for table `wreading`
--

INSERT INTO `wreading` (`wreading`, `wmeter`, `invoice`, `date`, `value`, `remark`) VALUES
(1, 7, NULL, '2018-12-31', 1284.491, NULL),
(2, 7, NULL, '2019-01-02', 1284.491, NULL),
(3, 7, NULL, '2019-01-04', 1284.642, NULL),
(4, 7, NULL, '2019-01-06', 1293.01, NULL),
(5, 7, NULL, '2019-01-07', 1293.961, NULL),
(6, 7, NULL, '2019-01-08', 1295.991, NULL),
(7, 7, NULL, '2019-01-10', 1300.761, NULL),
(8, 7, NULL, '2019-01-11', 1300.761, NULL),
(9, 7, NULL, '2019-01-13', 1300.761, NULL),
(10, 7, NULL, '2019-01-14', 1300.761, NULL),
(11, 5, NULL, '2018-12-31', 1951.417, NULL),
(12, 5, NULL, '2019-01-02', 1953.201, NULL),
(13, 5, NULL, '2019-01-04', 1955.011, NULL),
(14, 5, NULL, '2019-01-06', 1960.032, NULL),
(15, 5, NULL, '2019-01-07', 1961.031, NULL),
(16, 5, NULL, '2019-01-08', 1962.714, NULL),
(17, 5, NULL, '2019-01-10', 1966.164, NULL),
(18, 5, NULL, '2019-01-11', 1968.162, NULL),
(19, 5, NULL, '2019-01-13', 1972.166, NULL),
(20, 5, NULL, '2019-01-14', 1973.889, NULL),
(21, 25, NULL, '2018-12-31', 95.569, NULL),
(22, 25, NULL, '2019-01-02', 96.622, NULL),
(23, 25, NULL, '2019-01-04', 96.839, NULL),
(24, 25, NULL, '2019-01-06', 98.422, NULL),
(25, 25, NULL, '2019-01-07', 98.652, NULL),
(26, 25, NULL, '2019-01-08', 99.221, NULL),
(27, 25, NULL, '2019-01-10', 100, NULL),
(28, 25, NULL, '2019-01-11', 100.201, NULL),
(29, 25, NULL, '2019-01-13', 101.208, NULL),
(30, 25, NULL, '2019-01-14', 101.75, NULL),
(31, 3, NULL, '2018-12-31', 104.038, NULL),
(32, 3, NULL, '2019-01-02', 104.044, NULL),
(33, 3, NULL, '2019-01-04', 104.057, NULL),
(34, 3, NULL, '2019-01-06', 104.087, NULL),
(35, 3, NULL, '2019-01-07', 104.091, NULL),
(36, 3, NULL, '2019-01-08', 104.106, NULL),
(37, 3, NULL, '2019-01-10', 104.123, NULL),
(38, 3, NULL, '2019-01-11', 104.131, NULL),
(39, 3, NULL, '2019-01-13', 104.144, NULL),
(40, 3, NULL, '2019-01-14', 104.149, NULL),
(41, 22, NULL, '2018-12-31', 203.799, NULL),
(42, 22, NULL, '2019-01-02', 203.799, NULL),
(43, 22, NULL, '2019-01-04', 209.785, NULL),
(44, 22, NULL, '2019-01-06', 210.453, NULL),
(45, 22, NULL, '2019-01-07', 210.453, NULL),
(46, 22, NULL, '2019-01-08', 210.453, NULL),
(47, 22, NULL, '2019-01-10', 210.83, NULL),
(48, 22, NULL, '2019-01-11', 213.479, NULL),
(49, 22, NULL, '2019-01-13', 219.62, NULL),
(50, 22, NULL, '2019-01-14', 221.106, NULL),
(51, 24, NULL, '2018-12-31', 199.242, NULL),
(52, 24, NULL, '2019-01-02', 208.61, NULL),
(53, 24, NULL, '2019-01-04', 209.799, NULL),
(54, 24, NULL, '2019-01-06', 212.625, NULL),
(55, 24, NULL, '2019-01-07', 213.091, NULL),
(56, 24, NULL, '2019-01-08', 213.84, NULL),
(57, 24, NULL, '2019-01-10', 214.581, NULL),
(58, 24, NULL, '2019-01-11', 215.247, NULL),
(59, 24, NULL, '2019-01-13', 217.22, NULL),
(60, 24, NULL, '2019-01-14', 218.066, NULL),
(61, 21, NULL, '2018-12-31', 257.5, NULL),
(62, 21, NULL, '2019-01-02', 257.5, NULL),
(63, 21, NULL, '2019-01-04', 257.5, NULL),
(64, 21, NULL, '2019-01-06', 257.5, NULL),
(65, 21, NULL, '2019-01-07', 257.5, NULL),
(66, 21, NULL, '2019-01-08', 257.5, NULL),
(67, 21, NULL, '2019-01-10', 257.5, NULL),
(68, 21, NULL, '2019-01-11', 257.5, NULL),
(69, 21, NULL, '2019-01-13', 257.5, NULL),
(70, 21, NULL, '2019-01-14', 257.5, NULL),
(71, 23, NULL, '2018-12-31', 10.077, NULL),
(72, 23, NULL, '2019-01-02', 10.18, NULL),
(73, 23, NULL, '2019-01-04', 10.417, NULL),
(74, 23, NULL, '2019-01-06', 10.76, NULL),
(75, 23, NULL, '2019-01-07', 10.76, NULL),
(76, 23, NULL, '2019-01-08', 10.978, NULL),
(77, 23, NULL, '2019-01-10', 11.123, NULL),
(78, 23, NULL, '2019-01-11', 11.229, NULL),
(79, 23, NULL, '2019-01-13', 11.544, NULL),
(80, 23, NULL, '2019-01-14', 11.674, NULL),
(81, 12, NULL, '2018-12-31', 91, NULL),
(82, 12, NULL, '2019-01-02', 92, NULL),
(83, 12, NULL, '2019-01-04', 93, NULL),
(84, 12, NULL, '2019-01-06', 94, NULL),
(85, 12, NULL, '2019-01-07', 95, NULL),
(86, 12, NULL, '2019-01-08', 96, NULL),
(87, 12, NULL, '2019-01-10', 97, NULL),
(88, 12, NULL, '2019-01-11', 98, NULL),
(89, 12, NULL, '2019-01-13', 99, NULL),
(90, 12, NULL, '2019-01-14', 99, NULL),
(91, 13, NULL, '2018-12-31', 106, NULL),
(92, 13, NULL, '2019-01-02', 107, NULL),
(93, 13, NULL, '2019-01-04', 108, NULL),
(94, 13, NULL, '2019-01-06', 109, NULL),
(95, 13, NULL, '2019-01-07', 109, NULL),
(96, 13, NULL, '2019-01-08', 109, NULL),
(97, 13, NULL, '2019-01-10', 110, NULL),
(98, 13, NULL, '2019-01-11', 111, NULL),
(99, 13, NULL, '2019-01-13', 112, NULL),
(100, 13, NULL, '2019-01-14', 113, NULL),
(101, 2, NULL, '2018-12-31', 143, NULL),
(102, 2, NULL, '2019-01-02', 145, NULL),
(103, 2, NULL, '2019-01-04', 146, NULL),
(104, 2, NULL, '2019-01-06', 148, NULL),
(105, 2, NULL, '2019-01-07', 149, NULL),
(106, 2, NULL, '2019-01-08', 150, NULL),
(107, 2, NULL, '2019-01-10', 151, NULL),
(108, 2, NULL, '2019-01-11', 152, NULL),
(109, 2, NULL, '2019-01-13', 153, NULL),
(110, 2, NULL, '2019-01-14', 154, NULL),
(111, 10, NULL, '2018-12-31', 1019.331, NULL),
(112, 10, NULL, '2019-01-02', 1031.407, NULL),
(113, 10, NULL, '2019-01-04', 1036.97, NULL),
(114, 10, NULL, '2019-01-06', 1054.123, NULL),
(115, 10, NULL, '2019-01-07', 1059.209, NULL),
(116, 10, NULL, '2019-01-08', 1061.583, NULL),
(117, 10, NULL, '2019-01-10', 1076.111, NULL),
(118, 10, NULL, '2019-01-11', 1081.772, NULL),
(119, 10, NULL, '2019-01-13', 1094.48, NULL),
(120, 10, NULL, '2019-01-14', 1100.65, NULL),
(121, 1, NULL, '2018-12-31', 58, NULL),
(122, 1, NULL, '2019-01-02', 58, NULL),
(123, 1, NULL, '2019-01-04', 58, NULL),
(124, 1, NULL, '2019-01-06', 61, NULL),
(125, 1, NULL, '2019-01-07', 61, NULL),
(126, 1, NULL, '2019-01-08', 61, NULL),
(127, 1, NULL, '2019-01-10', 62, NULL),
(128, 1, NULL, '2019-01-11', 63, NULL),
(129, 1, NULL, '2019-01-14', 63, NULL),
(130, 4, NULL, '2018-12-31', 79.319, NULL),
(131, 4, NULL, '2019-01-02', 79.361, NULL),
(132, 4, NULL, '2019-01-04', 79.879, NULL),
(133, 4, NULL, '2019-01-06', 79.879, NULL),
(134, 4, NULL, '2019-01-07', 79.879, NULL),
(135, 4, NULL, '2019-01-08', 79.879, NULL),
(136, 4, NULL, '2019-01-10', 79.879, NULL),
(137, 4, NULL, '2019-01-11', 79.879, NULL),
(138, 4, NULL, '2019-01-13', 79.879, NULL),
(139, 4, NULL, '2019-01-14', 79.879, NULL),
(140, 8, NULL, '2018-12-31', 207.8, NULL),
(141, 8, NULL, '2019-01-02', 208.4, NULL),
(142, 8, NULL, '2019-01-04', 209.1, NULL),
(143, 8, NULL, '2019-01-06', 210.2, NULL),
(144, 8, NULL, '2019-01-07', 210.3, NULL),
(145, 8, NULL, '2019-01-08', 211.2, NULL),
(146, 8, NULL, '2019-01-10', 212, NULL),
(147, 8, NULL, '2019-01-11', 212.5, NULL),
(148, 8, NULL, '2019-01-13', 213.851, NULL),
(149, 8, NULL, '2019-01-14', 213.851, NULL),
(150, 20, NULL, '2018-12-31', 14, NULL),
(151, 20, NULL, '2019-01-02', 14, NULL),
(152, 20, NULL, '2019-01-04', 14, NULL),
(153, 20, NULL, '2019-01-06', 14, NULL),
(154, 20, NULL, '2019-01-07', 14, NULL),
(155, 20, NULL, '2019-01-08', 14, NULL),
(156, 20, NULL, '2019-01-10', 14, NULL),
(157, 20, NULL, '2019-01-11', 14, NULL),
(158, 20, NULL, '2019-01-13', 14, NULL),
(159, 20, NULL, '2019-01-14', 14, NULL),
(160, 7, NULL, '2019-01-15', 1301.404, NULL),
(161, 7, NULL, '2019-01-17', 1306.014, NULL),
(162, 7, NULL, '2019-01-20', 1313.469, NULL),
(163, 7, NULL, '2019-01-23', 1320.517, NULL),
(164, 7, NULL, '2019-01-29', 1334.305, NULL),
(165, 7, NULL, '2019-01-30', 1335.178, NULL),
(166, 5, NULL, '2019-01-15', 1975.466, NULL),
(167, 5, NULL, '2019-01-17', 1978.594, NULL),
(168, 5, NULL, '2019-01-20', 1983.251, NULL),
(169, 5, NULL, '2019-01-23', 1987.508, NULL),
(170, 5, NULL, '2019-01-29', 1990.677, NULL),
(171, 5, NULL, '2019-01-30', 1997.909, NULL),
(172, 25, NULL, '2019-01-15', 101.75, NULL),
(173, 25, NULL, '2019-01-17', 103, NULL),
(174, 25, NULL, '2019-01-20', 104, NULL),
(175, 25, NULL, '2019-01-23', 106, NULL),
(176, 25, NULL, '2019-01-29', 108, NULL),
(177, 25, NULL, '2019-01-30', 109, NULL),
(178, 3, NULL, '2019-01-15', 104.161, NULL),
(179, 3, NULL, '2019-01-17', 104.19, NULL),
(180, 3, NULL, '2019-01-20', 104.22, NULL),
(181, 3, NULL, '2019-01-23', 104.245, NULL),
(182, 3, NULL, '2019-01-29', 104.309, NULL),
(183, 3, NULL, '2019-01-30', 104.334, NULL),
(184, 22, NULL, '2019-01-15', 223.871, NULL),
(185, 22, NULL, '2019-01-17', 223.872, NULL),
(186, 22, NULL, '2019-01-20', 223.872, NULL),
(187, 22, NULL, '2019-01-23', 224.681, NULL),
(188, 22, NULL, '2019-01-29', 224.684, NULL),
(189, 22, NULL, '2019-01-30', 224.684, NULL),
(190, 24, NULL, '2019-01-15', 218.887, NULL),
(191, 24, NULL, '2019-01-17', 219.949, NULL),
(192, 24, NULL, '2019-01-20', 221.879, NULL),
(193, 24, NULL, '2019-01-23', 224.272, NULL),
(194, 24, NULL, '2019-01-29', 227.785, NULL),
(195, 24, NULL, '2019-01-30', 228.914, NULL),
(196, 21, NULL, '2019-01-15', 263.293, NULL),
(197, 21, NULL, '2019-01-17', 263.293, NULL),
(198, 21, NULL, '2019-01-20', 263.293, NULL),
(199, 21, NULL, '2019-01-23', 263.293, NULL),
(200, 21, NULL, '2019-01-29', 263.293, NULL),
(201, 21, NULL, '2019-01-30', 263.293, NULL),
(202, 23, NULL, '2019-01-15', 11.711, NULL),
(203, 23, NULL, '2019-01-17', 11.902, NULL),
(204, 23, NULL, '2019-01-20', 12.26, NULL),
(205, 23, NULL, '2019-01-23', 12.514, NULL),
(206, 23, NULL, '2019-01-29', 13.024, NULL),
(207, 23, NULL, '2019-01-30', 13.229, NULL),
(208, 12, NULL, '2019-01-15', 99, NULL),
(209, 12, NULL, '2019-01-17', 99, NULL),
(210, 12, NULL, '2019-01-20', 100, NULL),
(211, 12, NULL, '2019-01-23', 102, NULL),
(212, 12, NULL, '2019-01-29', 103, NULL),
(213, 12, NULL, '2019-01-30', 104, NULL),
(214, 13, NULL, '2019-01-15', 113, NULL),
(215, 13, NULL, '2019-01-17', 114, NULL),
(216, 13, NULL, '2019-01-20', 115, NULL),
(217, 13, NULL, '2019-01-23', 117, NULL),
(218, 13, NULL, '2019-01-29', 117, NULL),
(219, 13, NULL, '2019-01-30', 118, NULL),
(220, 2, NULL, '2019-01-15', 154, NULL),
(221, 2, NULL, '2019-01-17', 154, NULL),
(222, 2, NULL, '2019-01-23', 157, NULL),
(223, 2, NULL, '2019-01-29', 159, NULL),
(224, 2, NULL, '2019-01-30', 160, NULL),
(225, 10, NULL, '2019-01-15', 1102.344, NULL),
(226, 10, NULL, '2019-01-17', 1111.099, NULL),
(227, 10, NULL, '2019-01-20', 1115.545, NULL),
(228, 10, NULL, '2019-01-23', 1120.159, NULL),
(229, 10, NULL, '2019-01-29', 1126.108, NULL),
(230, 10, NULL, '2019-01-30', 1129.032, NULL),
(231, 1, NULL, '2019-01-15', 64, NULL),
(232, 1, NULL, '2019-01-17', 64, NULL),
(233, 1, NULL, '2019-01-20', 65, NULL),
(234, 1, NULL, '2019-01-23', 67, NULL),
(235, 1, NULL, '2019-01-29', 68, NULL),
(236, 1, NULL, '2019-01-30', 68, NULL),
(237, 4, NULL, '2019-01-15', 79.879, NULL),
(238, 4, NULL, '2019-01-17', 79.879, NULL),
(239, 4, NULL, '2019-01-20', 79.987, NULL),
(240, 4, NULL, '2019-01-23', 80.075, NULL),
(241, 4, NULL, '2019-01-29', 80.234, NULL),
(242, 4, NULL, '2019-01-30', 80.338, NULL),
(243, 8, NULL, '2019-01-15', 214, NULL),
(244, 8, NULL, '2019-01-17', 215.2, NULL),
(245, 8, NULL, '2019-01-20', 216.6, NULL),
(246, 8, NULL, '2019-01-23', 217.5, NULL),
(247, 8, NULL, '2019-01-29', 219.7, NULL),
(248, 8, NULL, '2019-01-30', 221.1, NULL),
(249, 20, NULL, '2019-01-15', 14, NULL),
(250, 20, NULL, '2019-01-17', 14, NULL),
(251, 20, NULL, '2019-01-20', 14, NULL),
(252, 20, NULL, '2019-01-23', 14, NULL),
(253, 20, NULL, '2019-01-29', 14, NULL),
(254, 20, NULL, '2019-01-30', 14, NULL),
(255, 7, NULL, '2019-01-31', 1338.057, NULL),
(256, 5, 2072, '2019-01-31', 2000.043, NULL),
(257, 25, NULL, '2019-01-31', 109, NULL),
(258, 3, NULL, '2019-01-31', 104.344, NULL),
(259, 22, NULL, '2019-01-31', 225.277, NULL),
(260, 24, 2069, '2019-01-31', 229.499, NULL),
(261, 21, NULL, '2019-01-31', 263.293, NULL),
(262, 23, 2081, '2019-01-31', 13.317, NULL),
(263, 12, NULL, '2019-01-31', 105, NULL),
(264, 13, 2072, '2019-01-31', 119, NULL),
(265, 2, 2069, '2019-01-31', 161, NULL),
(266, 10, NULL, '2019-01-31', 1130.292, NULL),
(267, 1, 2082, '2019-01-31', 70, NULL),
(268, 4, 2089, '2019-01-31', 80.382, NULL),
(269, 8, 2071, '2019-01-31', 221.5, NULL),
(270, 20, 2071, '2019-01-31', 14, NULL),
(271, 26, 2082, '2019-01-31', 0, NULL),
(272, 27, 2069, '2019-01-31', 0, NULL),
(273, 28, NULL, '2019-01-31', 0, NULL),
(274, 29, 2072, '2019-01-31', 0, NULL),
(275, 7, NULL, '2018-04-30', 882.248, NULL),
(276, 7, NULL, '2018-05-01', 885.584, NULL),
(277, 7, NULL, '2018-05-02', 889.501, NULL),
(278, 7, NULL, '2018-05-03', 892.446, NULL),
(279, 7, NULL, '2018-05-04', 895.255, NULL),
(280, 7, NULL, '2018-05-07', 902.026, NULL),
(281, 7, NULL, '2018-05-08', 904.8, NULL),
(282, 7, NULL, '2018-05-09', 907.469, NULL),
(283, 7, NULL, '2018-05-11', 912.085, NULL),
(284, 7, NULL, '2018-05-10', 909.424, NULL),
(285, 7, NULL, '2018-05-14', 920.451, NULL),
(286, 7, NULL, '2018-05-15', 922.114, NULL),
(287, 7, NULL, '2018-05-16', 924.221, NULL),
(288, 7, NULL, '2018-05-17', 927.69, NULL),
(289, 7, NULL, '2018-05-18', 930, NULL),
(290, 7, NULL, '2018-05-21', 938.99, NULL),
(291, 7, NULL, '2018-05-22', 941.974, NULL),
(292, 7, NULL, '2018-05-23', 944.4, NULL),
(293, 7, NULL, '2018-05-24', 944.431, NULL),
(294, 7, NULL, '2018-05-25', 944.431, NULL),
(295, 7, NULL, '2018-05-28', 944.431, NULL),
(296, 7, NULL, '2018-05-29', 944.431, NULL),
(297, 7, NULL, '2018-05-30', 944.431, NULL),
(298, 7, NULL, '2018-05-31', 944.431, NULL),
(299, 7, NULL, '2018-06-01', 944.431, NULL),
(300, 7, NULL, '2018-06-03', 944.431, NULL),
(301, 7, NULL, '2018-06-04', 944.431, NULL),
(302, 7, NULL, '2018-06-05', 944.431, NULL),
(303, 7, NULL, '2018-06-06', 944.431, NULL),
(304, 7, NULL, '2018-06-07', 947.5, NULL),
(305, 7, NULL, '2018-06-08', 947.5, NULL),
(306, 7, NULL, '2018-06-10', 955.106, NULL),
(307, 7, NULL, '2018-06-11', 958.371, NULL),
(308, 7, NULL, '2018-06-12', 959.762, NULL),
(309, 7, NULL, '2018-06-13', 959.861, NULL),
(310, 7, NULL, '2018-06-14', 959.861, NULL),
(311, 7, NULL, '2018-06-15', 959.861, NULL),
(312, 7, NULL, '2018-06-18', 959.861, NULL),
(313, 7, NULL, '2018-06-19', 959.861, NULL),
(314, 7, NULL, '2018-06-20', 960.649, NULL),
(315, 7, NULL, '2018-06-21', 964.001, NULL),
(316, 7, NULL, '2018-06-22', 967.991, NULL),
(317, 7, NULL, '2018-06-24', 970.521, NULL),
(318, 7, NULL, '2018-06-25', 970.522, NULL),
(319, 7, NULL, '2018-06-26', 970.522, NULL),
(320, 7, NULL, '2018-06-27', 970.587, NULL),
(321, 7, NULL, '2018-06-28', 972.44, NULL),
(322, 7, NULL, '2018-06-29', 974.922, NULL),
(323, 7, NULL, '2018-06-30', 979.401, NULL),
(324, 7, NULL, '2018-07-01', 982.541, NULL),
(325, 7, NULL, '2018-07-02', 983.254, NULL),
(326, 7, NULL, '2018-07-03', 984.801, NULL),
(327, 7, NULL, '2018-07-04', 986.264, NULL),
(328, 7, NULL, '2018-07-05', 987.801, NULL),
(329, 7, NULL, '2018-07-06', 991.351, NULL),
(330, 7, NULL, '2018-07-08', 995.781, NULL),
(331, 7, NULL, '2018-07-09', 999.54, NULL),
(332, 7, NULL, '2018-07-11', 1002.788, NULL),
(333, 7, NULL, '2018-07-10', 1002.788, NULL),
(334, 7, NULL, '2018-07-12', 1002.788, NULL),
(335, 7, NULL, '2018-07-13', 1002.841, NULL),
(336, 7, NULL, '2018-07-14', 1006.532, NULL),
(337, 7, NULL, '2018-07-15', 1008.161, NULL),
(338, 7, NULL, '2018-07-16', 1008.249, NULL),
(339, 7, NULL, '2018-07-17', 1008.249, NULL),
(340, 7, NULL, '2018-07-18', 1008.249, NULL),
(341, 7, NULL, '2018-07-19', 1008.249, NULL),
(342, 7, NULL, '2018-07-20', 1008.249, NULL),
(343, 7, NULL, '2018-07-23', 1017.881, NULL),
(344, 7, NULL, '2018-07-24', 1018.181, NULL),
(345, 7, NULL, '2018-07-25', 1018.181, NULL),
(346, 7, NULL, '2018-07-26', 1018.508, NULL),
(347, 7, NULL, '2018-07-29', 1024.068, NULL),
(348, 7, NULL, '2018-07-30', 1027.519, NULL),
(349, 7, NULL, '2018-07-31', 1030.642, NULL),
(350, 7, NULL, '2018-08-01', 1032.775, NULL),
(351, 7, NULL, '2018-08-02', 1035.395, NULL),
(352, 7, NULL, '2018-08-03', 1035.395, NULL),
(353, 7, NULL, '2018-08-05', 1035.395, NULL),
(354, 7, NULL, '2018-08-06', 1035.398, NULL),
(355, 7, NULL, '2018-08-07', 1035.458, NULL),
(356, 7, NULL, '2018-08-08', 1035.458, NULL),
(357, 7, NULL, '2018-08-09', 1038.249, NULL),
(358, 7, NULL, '2018-08-10', 1041.135, NULL),
(359, 7, NULL, '2018-08-12', 1044.487, NULL),
(360, 7, NULL, '2018-08-13', 1044.487, NULL),
(361, 7, NULL, '2018-08-14', 1044.487, NULL),
(362, 7, NULL, '2018-08-15', 1044.487, NULL),
(363, 7, NULL, '2018-08-16', 1044.487, NULL),
(364, 7, NULL, '2018-08-21', 1044.487, NULL),
(365, 7, NULL, '2018-08-17', 1044.487, NULL),
(366, 7, NULL, '2018-08-22', 1044.487, NULL),
(367, 7, NULL, '2018-08-23', 1044.487, NULL),
(368, 7, NULL, '2018-08-24', 1044.487, NULL),
(369, 7, NULL, '2018-08-26', 1045.277, NULL),
(370, 7, NULL, '2018-08-27', 1045.277, NULL),
(371, 7, NULL, '2018-08-28', 1045.277, NULL),
(372, 7, NULL, '2018-08-29', 1045.277, NULL),
(373, 7, NULL, '2018-08-30', 1045.922, NULL),
(374, 7, NULL, '2018-09-02', 1046.051, NULL),
(375, 7, NULL, '2018-09-01', 1045.965, NULL),
(376, 7, NULL, '2018-09-03', 1046.051, NULL),
(377, 7, NULL, '2018-09-04', 1046.051, NULL),
(378, 7, NULL, '2018-09-05', 1046.566, NULL),
(379, 7, NULL, '2018-09-06', 1048.196, NULL),
(380, 7, NULL, '2018-09-07', 1051.287, NULL),
(381, 7, NULL, '2018-09-09', 1056.771, NULL),
(382, 7, NULL, '2018-09-12', 1063.342, NULL),
(383, 7, NULL, '2018-09-13', 1063.463, NULL),
(384, 7, NULL, '2018-09-14', 1066.646, NULL),
(385, 7, NULL, '2018-09-16', 1072.555, NULL),
(386, 7, NULL, '2018-09-17', 1073.221, NULL),
(387, 7, NULL, '2018-09-18', 1076.555, NULL),
(388, 7, NULL, '2018-09-19', 1078.776, NULL),
(389, 7, NULL, '2018-09-20', 1079.867, NULL),
(390, 7, NULL, '2018-09-21', 1084.111, NULL),
(391, 7, NULL, '2018-09-24', 1089.044, NULL),
(392, 7, NULL, '2018-09-25', 1091.076, NULL),
(393, 7, NULL, '2018-09-26', 1092.681, NULL),
(394, 7, NULL, '2018-09-27', 1093.4, NULL),
(395, 7, NULL, '2018-09-28', 1093.4, NULL),
(396, 7, NULL, '2018-09-30', 1098.141, NULL),
(397, 7, NULL, '2018-10-01', 1098.681, NULL),
(398, 7, NULL, '2018-10-02', 1100.909, NULL),
(399, 7, NULL, '2018-10-03', 1102.306, NULL),
(400, 7, NULL, '2018-10-04', 1103.541, NULL),
(401, 7, NULL, '2018-10-05', 1105.728, NULL),
(402, 7, NULL, '2018-10-07', 1110.239, NULL),
(403, 7, NULL, '2018-10-08', 1112.215, NULL),
(404, 7, NULL, '2018-10-09', 1113.142, NULL),
(405, 7, NULL, '2018-10-10', 1113.704, NULL),
(406, 7, NULL, '2018-10-11', 1115.162, NULL),
(407, 7, NULL, '2018-10-12', 1117.001, NULL),
(408, 7, NULL, '2018-10-16', 1117.01, NULL),
(409, 7, NULL, '2018-10-17', 1125.255, NULL),
(410, 7, NULL, '2018-10-19', 1130.141, NULL),
(411, 7, NULL, '2018-10-21', 1134.858, NULL),
(412, 7, NULL, '2018-10-24', 1140.084, NULL),
(413, 7, NULL, '2018-10-28', 1140.084, NULL),
(414, 7, NULL, '2018-10-29', 1149.222, NULL),
(415, 7, NULL, '2018-10-31', 1153.613, NULL),
(416, 7, NULL, '2018-11-08', 1171.871, NULL),
(417, 7, NULL, '2018-11-09', 1174.535, NULL),
(418, 7, NULL, '2018-11-14', 1186.755, NULL),
(419, 7, NULL, '2018-11-23', 1209.553, NULL),
(420, 7, NULL, '2018-11-26', 1214.181, NULL),
(421, 7, NULL, '2018-11-28', 1218.581, NULL),
(422, 7, NULL, '2018-11-30', 1218.581, NULL),
(423, 7, NULL, '2018-12-02', 1230.13, NULL),
(424, 7, NULL, '2018-12-03', 1230.557, NULL),
(425, 7, NULL, '2018-12-04', 1233.542, NULL),
(426, 7, NULL, '2018-12-05', 1235.152, NULL),
(427, 7, NULL, '2018-12-06', 1238.831, NULL),
(428, 7, NULL, '2018-12-07', 1241.072, NULL),
(429, 7, NULL, '2018-12-10', 1247.955, NULL),
(430, 7, NULL, '2018-12-11', 1250.557, NULL),
(431, 7, NULL, '2018-12-13', 1254.002, NULL),
(432, 7, NULL, '2018-12-14', 1256.261, NULL),
(433, 7, NULL, '2018-12-17', 1262.156, NULL),
(434, 7, NULL, '2018-12-18', 1264.112, NULL),
(435, 7, NULL, '2018-12-19', 1266.665, NULL),
(436, 7, NULL, '2018-12-20', 1266.675, NULL),
(437, 7, NULL, '2018-12-21', 1269.612, NULL),
(438, 7, NULL, '2018-12-23', 1275.231, NULL),
(439, 7, NULL, '2018-12-24', 1276.156, NULL),
(440, 7, NULL, '2018-12-27', 1279.972, NULL),
(441, 7, NULL, '2018-12-30', 1284.37, NULL),
(442, 18, NULL, '2018-04-30', 28.227, NULL),
(443, 18, NULL, '2018-05-01', 28.227, NULL),
(444, 18, NULL, '2018-05-02', 28.227, NULL),
(445, 18, NULL, '2018-05-03', 28.227, NULL),
(446, 18, NULL, '2018-05-04', 28.227, NULL),
(447, 18, NULL, '2018-05-07', 28.227, NULL),
(448, 18, NULL, '2018-05-08', 28.227, NULL),
(449, 18, NULL, '2018-05-09', 28.227, NULL),
(450, 18, NULL, '2018-05-11', 28.277, NULL),
(451, 18, NULL, '2018-05-10', 28.227, NULL),
(452, 18, NULL, '2018-05-14', 28.227, NULL),
(453, 18, NULL, '2018-05-15', 28.227, NULL),
(454, 18, NULL, '2018-05-16', 28.227, NULL),
(455, 18, NULL, '2018-05-17', 28.227, NULL),
(456, 18, NULL, '2018-05-18', 28.227, NULL),
(457, 18, NULL, '2018-05-21', 28.227, NULL),
(458, 18, NULL, '2018-05-22', 28.227, NULL),
(459, 18, NULL, '2018-05-23', 28.227, NULL),
(460, 18, NULL, '2018-05-24', 28.227, NULL),
(461, 18, NULL, '2018-05-25', 28.227, NULL),
(462, 5, NULL, '2018-04-30', 1565.1897, NULL),
(463, 5, NULL, '2018-05-01', 1567.2537, NULL),
(464, 5, NULL, '2018-05-02', 1569.4757, NULL),
(465, 5, NULL, '2018-05-03', 1570.6879, NULL),
(466, 5, NULL, '2018-05-04', 1572.884, NULL),
(467, 5, NULL, '2018-05-07', 1578.886, NULL),
(468, 5, NULL, '2018-05-08', 1580.911, NULL),
(469, 5, NULL, '2018-05-09', 1583.074, NULL),
(470, 5, NULL, '2018-05-11', 1587.311, NULL),
(471, 5, NULL, '2018-05-10', 1585.257, NULL),
(472, 5, NULL, '2018-05-14', 1592.52, NULL),
(473, 5, NULL, '2018-05-15', 1594.013, NULL),
(474, 5, NULL, '2018-05-16', 1595.158, NULL),
(475, 5, NULL, '2018-05-17', 1595.983, NULL),
(476, 5, NULL, '2018-05-18', 1595.983, NULL),
(477, 5, NULL, '2018-05-21', 1595.983, NULL),
(478, 5, NULL, '2018-05-22', 1595.983, NULL),
(479, 5, NULL, '2018-05-23', 1595.983, NULL),
(480, 5, NULL, '2018-05-24', 1595.983, NULL),
(481, 5, NULL, '2018-05-25', 1595.983, NULL),
(482, 5, NULL, '2018-05-28', 1595.983, NULL),
(483, 5, NULL, '2018-05-29', 1597.32, NULL),
(484, 5, NULL, '2018-05-30', 1597.32, NULL),
(485, 5, NULL, '2018-05-31', 1600.803, NULL),
(486, 5, NULL, '2018-06-01', 1602.883, NULL),
(487, 5, NULL, '2018-06-03', 1606.281, NULL),
(488, 5, NULL, '2018-06-04', 1608.016, NULL),
(489, 5, NULL, '2018-06-05', 1609.906, NULL),
(490, 5, NULL, '2018-06-06', 1611.854, NULL),
(491, 5, NULL, '2018-06-07', 1613.84, NULL),
(492, 5, NULL, '2018-06-08', 1615.606, NULL),
(493, 5, NULL, '2018-06-10', 1617.445, NULL),
(494, 5, NULL, '2018-06-11', 1621.044, NULL),
(495, 5, NULL, '2018-06-12', 1622.841, NULL),
(496, 5, NULL, '2018-06-13', 1624.937, NULL),
(497, 5, NULL, '2018-06-14', 1627.09, NULL),
(498, 5, NULL, '2018-06-15', 1627.09, NULL),
(499, 5, NULL, '2018-06-18', 1633.454, NULL),
(500, 5, NULL, '2018-06-19', 1635.222, NULL),
(501, 5, NULL, '2018-06-20', 1636.649, NULL),
(502, 5, NULL, '2018-06-21', 1638.628, NULL),
(503, 5, NULL, '2018-06-22', 1640.808, NULL),
(504, 5, NULL, '2018-06-24', 1644.184, NULL),
(505, 5, NULL, '2018-06-25', 1645.915, NULL),
(506, 5, NULL, '2018-06-26', 1648.668, NULL),
(507, 5, NULL, '2018-06-27', 1650.798, NULL),
(508, 5, NULL, '2018-06-28', 1652.596, NULL),
(509, 5, NULL, '2018-06-29', 1654.28, NULL),
(510, 5, NULL, '2018-06-30', 1655.959, NULL),
(511, 5, NULL, '2018-07-01', 1657.756, NULL),
(512, 5, NULL, '2018-07-02', 1659.215, NULL),
(513, 5, NULL, '2018-07-03', 1661.268, NULL),
(514, 5, NULL, '2018-07-04', 1662.998, NULL),
(515, 5, NULL, '2018-07-05', 1664.564, NULL),
(516, 5, NULL, '2018-07-06', 1666.564, NULL),
(517, 5, NULL, '2018-07-08', 1670.258, NULL),
(518, 5, NULL, '2018-07-09', 1672.063, NULL),
(519, 5, NULL, '2018-07-11', 1675.4354, NULL),
(520, 5, NULL, '2018-07-10', 1674.158, NULL),
(521, 5, NULL, '2018-07-12', 1675.594, NULL),
(522, 5, NULL, '2018-07-13', 1677.508, NULL),
(523, 5, NULL, '2018-07-14', 1677.921, NULL),
(524, 5, NULL, '2018-07-15', 1679.431, NULL),
(525, 5, NULL, '2018-07-16', 1681.319, NULL),
(526, 5, NULL, '2018-07-17', 1683.498, NULL),
(527, 5, NULL, '2018-07-18', 1685.291, NULL),
(528, 5, NULL, '2018-07-19', 1687.241, NULL),
(529, 5, NULL, '2018-07-20', 1689.297, NULL),
(530, 5, NULL, '2018-07-23', 1696.682, NULL),
(531, 5, NULL, '2018-07-24', 1698.221, NULL),
(532, 5, NULL, '2018-07-25', 1700.405, NULL),
(533, 5, NULL, '2018-07-26', 1702.228, NULL),
(534, 5, NULL, '2018-07-29', 1707.541, NULL),
(535, 5, NULL, '2018-07-30', 1709.018, NULL),
(536, 5, NULL, '2018-07-31', 1710.767, NULL),
(537, 5, NULL, '2018-08-01', 1712.622, NULL),
(538, 5, NULL, '2018-08-02', 1714.905, NULL),
(539, 5, NULL, '2018-08-03', 1716.329, NULL),
(540, 5, NULL, '2018-08-05', 1719.911, NULL),
(541, 5, NULL, '2018-08-06', 1723.399, NULL),
(542, 5, NULL, '2018-08-07', 1725.018, NULL),
(543, 5, NULL, '2018-08-08', 1726.761, NULL),
(544, 5, NULL, '2018-08-09', 1728.249, NULL),
(545, 5, NULL, '2018-08-10', 1731.204, NULL),
(546, 5, NULL, '2018-08-12', 1734.849, NULL),
(547, 5, NULL, '2018-08-13', 1736.757, NULL),
(548, 5, NULL, '2018-08-14', 1738.214, NULL),
(549, 5, NULL, '2018-08-15', 1740.23, NULL),
(550, 5, NULL, '2018-08-16', 1742.178, NULL),
(551, 5, NULL, '2018-08-17', 1744.022, NULL),
(552, 5, NULL, '2018-08-21', 1744.762, NULL),
(553, 5, NULL, '2018-08-22', 1751.664, NULL),
(554, 5, NULL, '2018-08-23', 1753.91, NULL),
(555, 5, NULL, '2018-08-24', 1755.571, NULL),
(556, 5, NULL, '2018-08-26', 1759.402, NULL),
(557, 5, NULL, '2018-08-27', 1761.18, NULL),
(558, 5, NULL, '2018-08-28', 1761.267, NULL),
(559, 5, NULL, '2018-08-29', 1761.867, NULL),
(560, 5, NULL, '2018-08-30', 1766.798, NULL),
(561, 5, NULL, '2018-09-02', 1772.674, NULL),
(562, 5, NULL, '2018-09-01', 1768.985, NULL),
(563, 5, NULL, '2018-09-03', 1774.365, NULL),
(564, 5, NULL, '2018-09-04', 1776.451, NULL),
(565, 5, NULL, '2018-09-05', 1777.9, NULL),
(566, 5, NULL, '2018-09-06', 1779.824, NULL),
(567, 5, NULL, '2018-09-07', 1782.09, NULL),
(568, 5, NULL, '2018-09-09', 1785.584, NULL),
(569, 5, NULL, '2018-09-12', 1790.694, NULL),
(570, 5, NULL, '2018-09-13', 1792.629, NULL),
(571, 5, NULL, '2018-09-14', 1794.281, NULL),
(572, 5, NULL, '2018-09-16', 1797.325, NULL),
(573, 5, NULL, '2018-09-17', 1798.541, NULL),
(574, 5, NULL, '2018-09-18', 1800.074, NULL),
(575, 5, NULL, '2018-09-19', 1802.047, NULL),
(576, 5, NULL, '2018-09-20', 1803.582, NULL),
(577, 5, NULL, '2018-09-21', 1805.491, NULL),
(578, 5, NULL, '2018-09-23', 1808.49, NULL),
(579, 5, NULL, '2018-09-24', 1809.664, NULL),
(580, 5, NULL, '2018-09-25', 1811.479, NULL),
(581, 5, NULL, '2018-09-26', 1812.976, NULL),
(582, 5, NULL, '2018-09-27', 1814.607, NULL),
(583, 5, NULL, '2018-09-28', 1816.133, NULL),
(584, 5, NULL, '2018-09-30', 1819.088, NULL),
(585, 5, NULL, '2018-10-01', 1820.205, NULL),
(586, 5, NULL, '2018-10-02', 1821.697, NULL),
(587, 5, NULL, '2018-10-03', 1823.439, NULL),
(588, 5, NULL, '2018-10-04', 1824.681, NULL),
(589, 5, NULL, '2018-10-05', 1826.062, NULL),
(590, 5, NULL, '2018-10-07', 1828.835, NULL),
(591, 5, NULL, '2018-10-08', 1830.002, NULL),
(592, 5, NULL, '2018-10-09', 1831.743, NULL),
(593, 5, NULL, '2018-10-10', 1833.202, NULL),
(594, 5, NULL, '2018-10-11', 1834.817, NULL),
(595, 5, NULL, '2018-10-12', 1836.317, NULL),
(596, 5, NULL, '2018-10-15', 1840.612, NULL),
(597, 5, NULL, '2018-10-16', 1841.619, NULL),
(598, 5, NULL, '2018-10-17', 1843.14, NULL),
(599, 5, NULL, '2018-10-19', 1846.251, NULL),
(600, 5, NULL, '2018-10-21', 1848.723, NULL),
(601, 5, NULL, '2018-10-24', 1852.469, NULL),
(602, 5, NULL, '2018-10-28', 1858.792, NULL),
(603, 5, NULL, '2018-10-29', 1859.856, NULL),
(604, 5, NULL, '2018-10-31', 1863.255, NULL),
(605, 5, NULL, '2018-11-09', 1877.578, NULL),
(606, 5, NULL, '2018-11-14', 1884.367, NULL),
(607, 5, NULL, '2018-11-23', 1897.223, NULL),
(608, 5, NULL, '2018-11-26', 1900.583, NULL),
(609, 5, NULL, '2018-11-28', 1903.583, NULL),
(610, 5, NULL, '2018-11-30', 1906.646, NULL),
(611, 5, NULL, '2018-12-02', 1910.655, NULL),
(612, 5, NULL, '2018-12-03', 1911.455, NULL),
(613, 5, NULL, '2018-12-04', 1913.217, NULL),
(614, 5, NULL, '2018-12-05', 1914.658, NULL),
(615, 5, NULL, '2018-12-06', 1916.41, NULL),
(616, 5, NULL, '2018-12-07', 1917.903, NULL),
(617, 5, NULL, '2018-12-10', 1922.262, NULL),
(618, 5, NULL, '2018-12-11', 1923.692, NULL),
(619, 5, NULL, '2018-12-13', 1926.472, NULL),
(620, 5, NULL, '2018-12-14', 1928.191, NULL),
(621, 5, NULL, '2018-12-17', 1932.355, NULL),
(622, 5, NULL, '2018-12-18', 1933.946, NULL),
(623, 5, NULL, '2018-12-19', 1935.586, NULL),
(624, 5, NULL, '2018-12-20', 1935.586, NULL),
(625, 5, NULL, '2018-12-21', 1938.851, NULL),
(626, 5, NULL, '2018-12-23', 1941.906, NULL),
(627, 5, NULL, '2018-12-24', 1943.062, NULL),
(628, 5, NULL, '2018-12-27', 1945.447, NULL),
(629, 5, NULL, '2018-12-30', 1950.394, NULL),
(630, 6, NULL, '2018-04-30', 563.1497, NULL),
(631, 6, NULL, '2018-05-01', 563.1496, NULL),
(632, 6, NULL, '2018-05-02', 563.1496, NULL),
(633, 6, NULL, '2018-05-03', 563.1496, NULL),
(634, 6, NULL, '2018-05-04', 563.1496, NULL),
(635, 6, NULL, '2018-05-07', 563.1496, NULL),
(636, 6, NULL, '2018-05-08', 563.1419, NULL),
(637, 6, NULL, '2018-05-09', 563.149, NULL),
(638, 6, NULL, '2018-05-11', 563.149, NULL),
(639, 6, NULL, '2018-05-10', 563.145, NULL),
(640, 6, NULL, '2018-05-14', 563.149, NULL),
(641, 6, NULL, '2018-05-15', 563.149, NULL),
(642, 6, NULL, '2018-05-16', 563.149, NULL),
(643, 6, NULL, '2018-05-17', 563.149, NULL),
(644, 6, NULL, '2018-05-18', 563.149, NULL),
(645, 6, NULL, '2018-05-21', 563.15, NULL),
(646, 6, NULL, '2018-05-22', 563.15, NULL),
(647, 6, NULL, '2018-05-23', 563.149, NULL),
(648, 6, NULL, '2018-05-24', 563.149, NULL),
(649, 6, NULL, '2018-05-25', 563.149, NULL),
(650, 6, NULL, '2018-05-28', 563.149, NULL),
(651, 6, NULL, '2018-05-29', 563.149, NULL),
(652, 6, NULL, '2018-05-30', 563.496, NULL),
(653, 6, NULL, '2018-05-31', 563.496, NULL),
(654, 6, NULL, '2018-06-01', 563.496, NULL),
(655, 6, NULL, '2018-06-03', 563.496, NULL),
(656, 6, NULL, '2018-06-04', 563.496, NULL),
(657, 6, NULL, '2018-06-05', 563.496, NULL),
(658, 6, NULL, '2018-06-06', 563.496, NULL),
(659, 6, NULL, '2018-06-07', 563.496, NULL),
(660, 6, NULL, '2018-06-08', 563.496, NULL),
(661, 6, NULL, '2018-06-10', 563.496, NULL),
(662, 6, NULL, '2018-06-11', 563.496, NULL),
(663, 6, NULL, '2018-06-12', 563.496, NULL),
(664, 6, NULL, '2018-06-13', 563.496, NULL),
(665, 6, NULL, '2018-06-14', 100, NULL),
(666, 6, NULL, '2018-06-15', 100, NULL),
(667, 6, NULL, '2018-06-18', 100, NULL),
(668, 6, NULL, '2018-06-19', 100, NULL),
(669, 6, NULL, '2018-06-20', 100, NULL),
(670, 6, NULL, '2018-06-21', 100, NULL),
(671, 6, NULL, '2018-06-22', 243, NULL),
(672, 6, NULL, '2018-06-24', 100, NULL),
(673, 6, NULL, '2018-06-25', 100, NULL),
(674, 6, NULL, '2018-06-26', 100, NULL),
(675, 6, NULL, '2018-06-27', 100, NULL),
(676, 6, NULL, '2018-06-28', 100, NULL),
(677, 6, NULL, '2018-06-29', 0, NULL),
(678, 6, NULL, '2018-06-30', 0, NULL),
(679, 6, NULL, '2018-07-03', 243, NULL),
(680, 25, NULL, '2018-08-31', 0, NULL),
(681, 25, NULL, '2018-08-01', 10.104, NULL),
(682, 25, NULL, '2018-09-01', 25.987, NULL),
(683, 25, NULL, '2018-09-10', 30.921, NULL),
(684, 25, NULL, '2018-09-17', 36.373, NULL),
(685, 25, NULL, '2018-09-24', 39.269, NULL),
(686, 25, NULL, '2018-09-30', 43.242, NULL),
(687, 25, NULL, '2018-10-01', 43.719, NULL),
(688, 25, NULL, '2018-10-07', 47.975, NULL),
(689, 25, NULL, '2018-10-05', 45.553, NULL),
(690, 25, NULL, '2018-10-08', 48.605, NULL),
(691, 25, NULL, '2018-10-09', 48.998, NULL),
(692, 25, NULL, '2018-10-10', 49.679, NULL),
(693, 25, NULL, '2018-10-11', 50.462, NULL),
(694, 25, NULL, '2018-10-12', 50.964, NULL),
(695, 25, NULL, '2018-10-15', 53.097, NULL),
(696, 25, NULL, '2018-10-16', 53.565, NULL),
(697, 25, NULL, '2018-10-17', 54.597, NULL),
(698, 25, NULL, '2018-10-19', 55.896, NULL),
(699, 25, NULL, '2018-10-21', 57.596, NULL),
(700, 25, NULL, '2018-10-24', 58.9, NULL),
(701, 25, NULL, '2018-10-28', 61.169, NULL),
(702, 25, NULL, '2018-10-29', 62.168, NULL),
(703, 25, NULL, '2018-10-31', 62.559, NULL),
(704, 25, NULL, '2018-11-01', 63.799, NULL),
(705, 25, NULL, '2018-11-08', 67.136, NULL),
(706, 25, NULL, '2018-11-09', 67.436, NULL),
(707, 25, NULL, '2018-11-14', 70.069, NULL),
(708, 25, NULL, '2018-11-23', 75.231, NULL),
(709, 25, NULL, '2018-11-26', 76.475, NULL),
(710, 25, NULL, '2018-11-28', 77.136, NULL),
(711, 25, NULL, '2018-11-30', 78.176, NULL),
(712, 25, NULL, '2018-12-02', 79.497, NULL),
(713, 25, NULL, '2018-12-03', 79.759, NULL),
(714, 25, NULL, '2018-12-04', 80.173, NULL),
(715, 25, NULL, '2018-12-05', 80.459, NULL),
(716, 25, NULL, '2018-12-06', 80.883, NULL),
(717, 25, NULL, '2018-12-07', 81.251, NULL),
(718, 25, NULL, '2018-12-10', 83.411, NULL),
(719, 25, NULL, '2018-12-11', 83.803, NULL),
(720, 25, NULL, '2018-12-13', 85.449, NULL),
(721, 25, NULL, '2018-12-14', 85.897, NULL),
(722, 25, NULL, '2018-12-17', 87.524, NULL),
(723, 25, NULL, '2018-12-18', 87.524, NULL),
(724, 25, NULL, '2018-12-19', 88.353, NULL),
(725, 25, NULL, '2018-12-20', 88.355, NULL),
(726, 25, NULL, '2018-12-21', 89.615, NULL),
(727, 25, NULL, '2018-12-23', 91.517, NULL),
(728, 25, NULL, '2018-12-24', 91.814, NULL),
(729, 25, NULL, '2018-12-27', 93.276, NULL),
(730, 25, NULL, '2018-12-30', 95.134, NULL),
(731, 3, NULL, '2018-04-30', 88.3312, NULL),
(732, 3, NULL, '2018-05-01', 88.4459, NULL),
(733, 3, NULL, '2018-05-02', 88.4594, NULL),
(734, 3, NULL, '2018-05-03', 88.4636, NULL),
(735, 3, NULL, '2018-05-04', 88.4798, NULL),
(736, 3, NULL, '2018-05-07', 88.5022, NULL),
(737, 3, NULL, '2018-05-08', 88.517, NULL),
(738, 3, NULL, '2018-05-09', 88.655, NULL),
(739, 3, NULL, '2018-05-11', 99.012, NULL),
(740, 3, NULL, '2018-05-10', 88.655, NULL),
(741, 3, NULL, '2018-05-14', 99.56, NULL),
(742, 3, NULL, '2018-05-15', 90.136, NULL),
(743, 3, NULL, '2018-05-16', 90.368, NULL),
(744, 3, NULL, '2018-05-17', 90.881, NULL),
(745, 3, NULL, '2018-05-18', 91.117, NULL),
(746, 3, NULL, '2018-05-21', 91.645, NULL),
(747, 3, NULL, '2018-05-22', 91.935, NULL),
(748, 3, NULL, '2018-05-23', 92.144, NULL),
(749, 3, NULL, '2018-05-24', 92.411, NULL),
(750, 3, NULL, '2018-05-25', 92.734, NULL),
(751, 3, NULL, '2018-05-28', 93.426, NULL),
(752, 3, NULL, '2018-05-29', 93.849, NULL),
(753, 3, NULL, '2018-05-30', 93.983, NULL),
(754, 3, NULL, '2018-05-31', 94.438, NULL),
(755, 3, NULL, '2018-06-01', 94.628, NULL),
(756, 3, NULL, '2018-06-03', 94.752, NULL),
(757, 3, NULL, '2018-06-04', 94.936, NULL),
(758, 3, NULL, '2018-06-05', 95.198, NULL),
(759, 3, NULL, '2018-06-06', 95.446, NULL),
(760, 3, NULL, '2018-06-07', 95.672, NULL),
(761, 3, NULL, '2018-06-08', 95.97, NULL),
(762, 3, NULL, '2018-06-10', 96.485, NULL),
(763, 3, NULL, '2018-06-11', 96.585, NULL),
(764, 3, NULL, '2018-06-12', 96.931, NULL),
(765, 3, NULL, '2018-06-13', 97.223, NULL),
(766, 3, NULL, '2018-06-14', 97.645, NULL),
(767, 3, NULL, '2018-06-15', 97.945, NULL),
(768, 3, NULL, '2018-06-18', 98.501, NULL),
(769, 3, NULL, '2018-06-19', 98.885, NULL),
(770, 3, NULL, '2018-06-20', 99.157, NULL),
(771, 3, NULL, '2018-06-21', 99.437, NULL),
(772, 3, NULL, '2018-06-22', 99.823, NULL),
(773, 3, NULL, '2018-06-24', 100.078, NULL),
(774, 3, NULL, '2018-06-25', 100.272, NULL),
(775, 3, NULL, '2018-06-26', 100.528, NULL),
(776, 3, NULL, '2018-06-27', 100.62, NULL),
(777, 3, NULL, '2018-06-28', 101, NULL),
(778, 3, NULL, '2018-06-29', 101.392, NULL),
(779, 3, NULL, '2018-06-30', 101.853, NULL),
(780, 3, NULL, '2018-07-01', 102.062, NULL),
(781, 3, NULL, '2018-07-02', 102.064, NULL),
(782, 3, NULL, '2018-07-03', 102.064, NULL),
(783, 3, NULL, '2018-07-04', 102.42, NULL),
(784, 3, NULL, '2018-07-05', 102.511, NULL),
(785, 3, NULL, '2018-07-06', 102.534, NULL),
(786, 3, NULL, '2018-07-08', 102.537, NULL),
(787, 3, NULL, '2018-07-09', 102.543, NULL),
(788, 3, NULL, '2018-07-11', 102.5613, NULL),
(789, 3, NULL, '2018-07-10', 102.553, NULL),
(790, 3, NULL, '2018-07-12', 102.5613, NULL),
(791, 3, NULL, '2018-07-13', 102.5613, NULL),
(792, 3, NULL, '2018-07-14', 102.571, NULL),
(793, 3, NULL, '2018-07-15', 102.593, NULL),
(794, 3, NULL, '2018-07-16', 102.596, NULL),
(795, 3, NULL, '2018-07-17', 102.602, NULL),
(796, 3, NULL, '2018-07-18', 102.614, NULL),
(797, 3, NULL, '2018-07-19', 102.624, NULL),
(798, 3, NULL, '2018-07-20', 102.633, NULL),
(799, 3, NULL, '2018-07-23', 102.656, NULL),
(800, 3, NULL, '2018-07-24', 102.669, NULL),
(801, 3, NULL, '2018-07-25', 102.679, NULL),
(802, 3, NULL, '2018-07-29', 102.721, NULL),
(803, 3, NULL, '2018-07-30', 102.721, NULL),
(804, 3, NULL, '2018-07-31', 102.735, NULL),
(805, 3, NULL, '2018-08-01', 102.758, NULL),
(806, 3, NULL, '2018-08-02', 102.769, NULL),
(807, 3, NULL, '2018-08-03', 102.777, NULL),
(808, 3, NULL, '2018-08-05', 102.788, NULL),
(809, 3, NULL, '2018-08-06', 102.799, NULL),
(810, 3, NULL, '2018-08-07', 102.807, NULL),
(811, 3, NULL, '2018-08-08', 102.817, NULL),
(812, 3, NULL, '2018-08-09', 102.827, NULL),
(813, 3, NULL, '2018-08-10', 102.843, NULL),
(814, 3, NULL, '2018-08-12', 102.849, NULL),
(815, 3, NULL, '2018-08-13', 102.858, NULL),
(816, 3, NULL, '2018-08-14', 102.874, NULL),
(817, 3, NULL, '2018-08-15', 102.88, NULL),
(818, 3, NULL, '2018-08-16', 102.923, NULL),
(819, 3, NULL, '2018-08-21', 102.945, NULL),
(820, 3, NULL, '2018-08-22', 102.954, NULL),
(821, 3, NULL, '2018-08-23', 102.965, NULL),
(822, 3, NULL, '2018-08-24', 102.971, NULL),
(823, 3, NULL, '2018-08-26', 102.987, NULL),
(824, 3, NULL, '2018-08-27', 102.995, NULL),
(825, 3, NULL, '2018-08-28', 102.996, NULL),
(826, 3, NULL, '2018-08-29', 102.996, NULL),
(827, 3, NULL, '2018-08-30', 103.015, NULL),
(828, 3, NULL, '2018-08-31', 103.032, NULL),
(829, 3, NULL, '2018-09-02', 103.043, NULL),
(830, 3, NULL, '2018-09-01', 103.041, NULL),
(831, 3, NULL, '2018-09-03', 103.053, NULL),
(832, 3, NULL, '2018-09-04', 103.062, NULL),
(833, 3, NULL, '2018-09-05', 103.076, NULL),
(834, 3, NULL, '2018-09-06', 103.083, NULL),
(835, 3, NULL, '2018-09-07', 103.085, NULL),
(836, 3, NULL, '2018-09-09', 103.123, NULL),
(837, 3, NULL, '2018-09-12', 103.151, NULL),
(838, 3, NULL, '2018-09-10', 103.131, NULL),
(839, 3, NULL, '2018-09-11', 103.141, NULL),
(840, 3, NULL, '2018-09-13', 103.152, NULL),
(841, 3, NULL, '2018-09-14', 103.153, NULL),
(842, 3, NULL, '2018-09-16', 103.157, NULL),
(843, 3, NULL, '2018-09-17', 103.159, NULL),
(844, 3, NULL, '2018-09-18', 103.17, NULL),
(845, 3, NULL, '2018-09-19', 103.174, NULL),
(846, 3, NULL, '2018-09-20', 103.182, NULL),
(847, 3, NULL, '2018-09-21', 103.202, NULL),
(848, 3, NULL, '2018-09-23', 103.204, NULL),
(849, 3, NULL, '2018-09-24', 103.204, NULL),
(850, 3, NULL, '2018-09-25', 103.211, NULL),
(851, 3, NULL, '2018-09-26', 103.213, NULL),
(852, 3, NULL, '2018-09-27', 103.227, NULL),
(853, 3, NULL, '2018-09-28', 103.241, NULL),
(854, 3, NULL, '2018-09-30', 103.254, NULL),
(855, 3, NULL, '2018-10-01', 103.254, NULL),
(856, 3, NULL, '2018-10-02', 103.269, NULL),
(857, 3, NULL, '2018-10-03', 103.279, NULL),
(858, 3, NULL, '2018-10-04', 103.289, NULL),
(859, 3, NULL, '2018-10-05', 103.301, NULL),
(860, 3, NULL, '2018-10-07', 103.315, NULL),
(861, 3, NULL, '2018-10-08', 103.315, NULL),
(862, 3, NULL, '2018-10-09', 103.326, NULL),
(863, 3, NULL, '2018-10-10', 103.342, NULL),
(864, 3, NULL, '2018-10-11', 103.347, NULL),
(865, 3, NULL, '2018-10-12', 103.36, NULL),
(866, 3, NULL, '2018-10-15', 103.384, NULL),
(867, 3, NULL, '2018-10-16', 103.393, NULL),
(868, 3, NULL, '2018-10-17', 103.398, NULL),
(869, 3, NULL, '2018-10-19', 103.437, NULL),
(870, 3, NULL, '2018-10-21', 103.448, NULL),
(871, 3, NULL, '2018-10-24', 103.459, NULL),
(872, 3, NULL, '2018-10-28', 103.512, NULL),
(873, 3, NULL, '2018-10-29', 103.512, NULL),
(874, 3, NULL, '2018-10-31', 103.539, NULL),
(875, 3, NULL, '2018-11-08', 103.628, NULL),
(876, 3, NULL, '2018-11-09', 103.643, NULL),
(877, 3, NULL, '2018-11-14', 103.668, NULL),
(878, 3, NULL, '2018-11-23', 103.749, NULL),
(879, 3, NULL, '2018-11-26', 103.758, NULL),
(880, 3, NULL, '2018-11-28', 103.787, NULL),
(881, 3, NULL, '2018-11-30', 103.787, NULL),
(882, 3, NULL, '2018-12-02', 103.818, NULL),
(883, 3, NULL, '2018-12-03', 103.823, NULL),
(884, 3, NULL, '2018-12-04', 103.831, NULL),
(885, 3, NULL, '2018-12-05', 103.836, NULL),
(886, 3, NULL, '2018-12-06', 103.869, NULL),
(887, 3, NULL, '2018-12-07', 103.878, NULL),
(888, 3, NULL, '2018-12-10', 103.883, NULL),
(889, 3, NULL, '2018-12-11', 103.908, NULL),
(890, 3, NULL, '2018-12-13', 103.916, NULL),
(891, 3, NULL, '2018-12-14', 103.933, NULL),
(892, 3, NULL, '2018-12-17', 103.946, NULL),
(893, 3, NULL, '2018-12-18', 103.953, NULL),
(894, 3, NULL, '2018-12-19', 103.982, NULL),
(895, 3, NULL, '2018-12-20', 103.982, NULL),
(896, 3, NULL, '2018-12-21', 104.008, NULL),
(897, 3, NULL, '2018-12-23', 104.011, NULL),
(898, 3, NULL, '2018-12-24', 104.011, NULL),
(899, 3, NULL, '2018-12-27', 104.017, NULL),
(900, 3, NULL, '2018-12-30', 104.032, NULL),
(901, 11, NULL, '2018-04-30', 398.34, NULL),
(902, 11, NULL, '2018-05-01', 398.398, NULL),
(903, 11, NULL, '2018-05-02', 402.24, NULL),
(904, 11, NULL, '2018-05-03', 410.752, NULL),
(905, 11, NULL, '2018-05-07', 416.578, NULL),
(906, 11, NULL, '2018-05-08', 416.68, NULL),
(907, 11, NULL, '2018-05-09', 416.8, NULL),
(908, 11, NULL, '2018-05-11', 416.84, NULL),
(909, 11, NULL, '2018-05-10', 417.45, NULL),
(910, 11, NULL, '2018-05-14', 417.65, NULL),
(911, 11, NULL, '2018-05-15', 418.45, NULL),
(912, 11, NULL, '2018-05-16', 418.785, NULL),
(913, 11, NULL, '2018-05-17', 419.342, NULL),
(914, 11, NULL, '2018-05-18', 420.35, NULL),
(915, 11, NULL, '2018-05-21', 420.503, NULL),
(916, 11, NULL, '2018-05-22', 422.502, NULL),
(917, 11, NULL, '2018-05-23', 425.152, NULL),
(918, 11, NULL, '2018-05-24', 431.761, NULL),
(919, 11, NULL, '2018-05-25', 432.84, NULL),
(920, 11, NULL, '2018-05-28', 0, NULL),
(921, 11, NULL, '2018-05-29', 3, NULL),
(922, 11, NULL, '2018-05-30', 5, NULL),
(923, 11, NULL, '2018-05-31', 5, NULL),
(924, 11, NULL, '2018-06-01', 9, NULL),
(925, 11, NULL, '2018-06-03', 26, NULL),
(926, 11, NULL, '2018-06-04', 26, NULL),
(927, 11, NULL, '2018-06-05', 29, NULL),
(928, 11, NULL, '2018-06-06', 32, NULL),
(929, 11, NULL, '2018-06-07', 32, NULL),
(930, 11, NULL, '2018-06-08', 34, NULL),
(931, 11, NULL, '2018-06-10', 37, NULL),
(932, 11, NULL, '2018-06-11', 37, NULL),
(933, 11, NULL, '2018-06-12', 39, NULL),
(934, 11, NULL, '2018-06-13', 41, NULL),
(935, 11, NULL, '2018-06-14', 43, NULL),
(936, 11, NULL, '2018-06-15', 45, NULL),
(937, 11, NULL, '2018-06-18', 57, NULL),
(938, 11, NULL, '2018-06-19', 61, NULL),
(939, 11, NULL, '2018-06-20', 64, NULL),
(940, 11, NULL, '2018-06-21', 68, NULL),
(941, 11, NULL, '2018-06-22', 71, NULL),
(942, 11, NULL, '2018-06-24', 79, NULL),
(943, 11, NULL, '2018-06-25', 83, NULL),
(944, 11, NULL, '2018-06-26', 86, NULL),
(945, 11, NULL, '2018-06-27', 90, NULL),
(946, 11, NULL, '2018-06-28', 94, NULL),
(947, 11, NULL, '2018-06-29', 97, NULL),
(948, 11, NULL, '2018-06-30', 101, NULL),
(949, 11, NULL, '2018-07-01', 106, NULL),
(950, 11, NULL, '2018-07-02', 111, NULL),
(951, 11, NULL, '2018-07-03', 113, NULL),
(952, 11, NULL, '2018-07-04', 117, NULL),
(953, 11, NULL, '2018-07-05', 119, NULL),
(954, 11, NULL, '2018-07-06', 124, NULL),
(955, 11, NULL, '2018-07-08', 131, NULL),
(956, 11, NULL, '2018-07-09', 135, NULL),
(957, 11, NULL, '2018-07-11', 140, NULL),
(958, 11, NULL, '2018-07-10', 138, NULL),
(959, 11, NULL, '2018-07-12', 143, NULL),
(960, 11, NULL, '2018-07-13', 144, NULL),
(961, 11, NULL, '2018-07-14', 148, NULL),
(962, 11, NULL, '2018-07-15', 151, NULL),
(963, 11, NULL, '2018-07-16', 156, NULL),
(964, 11, NULL, '2018-07-17', 158, NULL),
(965, 11, NULL, '2018-07-18', 161, NULL),
(966, 11, NULL, '2018-07-19', 163, NULL),
(967, 11, NULL, '2018-07-20', 166, NULL),
(968, 11, NULL, '2018-07-23', 170, NULL),
(969, 11, NULL, '2018-07-24', 178, NULL),
(970, 11, NULL, '2018-07-25', 181, NULL),
(971, 11, NULL, '2018-07-26', 183, NULL),
(972, 11, NULL, '2018-07-29', 194, NULL),
(973, 11, NULL, '2018-07-30', 197, NULL),
(974, 11, NULL, '2018-07-31', 201, NULL),
(975, 11, NULL, '2018-08-01', 204, NULL),
(976, 11, NULL, '2018-08-02', 207, NULL),
(977, 11, NULL, '2018-08-03', 209, NULL),
(978, 11, NULL, '2018-08-05', 216, NULL),
(979, 11, NULL, '2018-08-06', 216, NULL),
(980, 11, NULL, '2018-08-07', 221, NULL),
(981, 11, NULL, '2018-08-08', 224, NULL),
(982, 11, NULL, '2018-08-09', 226, NULL),
(983, 11, NULL, '2018-08-10', 227, NULL),
(984, 11, NULL, '2018-08-12', 234, NULL),
(985, 11, NULL, '2018-08-13', 237, NULL),
(986, 11, NULL, '2018-08-14', 237, NULL),
(987, 11, NULL, '2018-08-15', 241, NULL),
(988, 11, NULL, '2018-08-16', 243, NULL),
(989, 11, NULL, '2018-08-17', 245, NULL),
(990, 11, NULL, '2018-08-21', 265, NULL),
(991, 11, NULL, '2018-08-22', 267, NULL),
(992, 11, NULL, '2018-08-23', 269, NULL),
(993, 11, NULL, '2018-08-24', 271, NULL),
(994, 11, NULL, '2018-08-26', 272, NULL),
(995, 11, NULL, '2018-08-27', 274, NULL),
(996, 11, NULL, '2018-08-28', 275, NULL),
(997, 11, NULL, '2018-08-29', 276, NULL),
(998, 11, NULL, '2018-08-30', 278, NULL),
(999, 11, NULL, '2018-08-31', 281, NULL),
(1000, 11, NULL, '2018-09-02', 282, NULL),
(1001, 11, NULL, '2018-09-01', 281, NULL),
(1002, 11, NULL, '2018-09-03', 284, NULL),
(1003, 11, NULL, '2018-09-04', 287, NULL),
(1004, 11, NULL, '2018-09-05', 288, NULL),
(1005, 11, NULL, '2018-09-06', 289, NULL),
(1006, 11, NULL, '2018-09-07', 291, NULL),
(1007, 11, NULL, '2018-09-09', 295, NULL),
(1008, 11, NULL, '2018-09-10', 297, NULL),
(1009, 11, NULL, '2018-09-12', 301, NULL),
(1010, 11, NULL, '2018-09-13', 303, NULL),
(1011, 11, NULL, '2018-09-14', 305, NULL),
(1012, 11, NULL, '2018-09-16', 307, NULL),
(1013, 11, NULL, '2018-09-17', 309, NULL),
(1014, 11, NULL, '2018-09-18', 311, NULL),
(1015, 11, NULL, '2018-09-19', 313, NULL),
(1016, 11, NULL, '2018-09-20', 315, NULL),
(1017, 11, NULL, '2018-09-21', 317, NULL),
(1018, 11, NULL, '2018-09-23', 319, NULL),
(1019, 11, NULL, '2018-09-24', 321, NULL),
(1020, 11, NULL, '2018-09-25', 323, NULL),
(1021, 11, NULL, '2018-09-26', 325, NULL),
(1022, 11, NULL, '2018-09-27', 327, NULL),
(1023, 11, NULL, '2018-09-28', 327.655, NULL),
(1024, 11, NULL, '2018-09-30', 334.178, NULL),
(1025, 11, NULL, '2018-10-01', 344.042, NULL),
(1026, 11, NULL, '2018-10-02', 355.263, NULL),
(1027, 22, NULL, '2018-07-05', 37.791, NULL),
(1028, 22, NULL, '2018-07-06', 37.791, NULL),
(1029, 22, NULL, '2018-07-08', 37.791, NULL),
(1030, 22, NULL, '2018-07-09', 37.791, NULL),
(1031, 22, NULL, '2018-07-11', 37.7915, NULL),
(1032, 22, NULL, '2018-07-10', 37.791, NULL),
(1033, 22, NULL, '2018-07-12', 37.7915, NULL),
(1034, 22, NULL, '2018-07-14', 39.562, NULL),
(1035, 22, NULL, '2018-07-15', 39.956, NULL),
(1036, 22, NULL, '2018-07-16', 41.005, NULL),
(1037, 22, NULL, '2018-07-17', 45.867, NULL),
(1038, 22, NULL, '2018-07-18', 48.097, NULL),
(1039, 22, NULL, '2018-07-19', 52.061, NULL),
(1040, 22, NULL, '2018-07-20', 55.518, NULL),
(1041, 22, NULL, '2018-07-23', 55.717, NULL),
(1042, 22, NULL, '2018-07-24', 58.701, NULL),
(1043, 22, NULL, '2018-07-25', 62.152, NULL),
(1044, 22, NULL, '2018-07-26', 64.682, NULL),
(1045, 22, NULL, '2018-07-27', 64.682, NULL),
(1046, 22, NULL, '2018-07-29', 66.203, NULL),
(1047, 22, NULL, '2018-07-30', 66.203, NULL),
(1048, 22, NULL, '2018-08-02', 66.203, NULL),
(1049, 22, NULL, '2018-07-31', 66.203, NULL),
(1050, 22, NULL, '2018-08-01', 66.203, NULL),
(1051, 22, NULL, '2018-08-03', 66.351, NULL),
(1052, 22, NULL, '2018-08-06', 71.685, NULL),
(1053, 22, NULL, '2018-08-05', 71.685, NULL),
(1054, 22, NULL, '2018-08-07', 80.292, NULL),
(1055, 22, NULL, '2018-08-08', 83.834, NULL),
(1056, 22, NULL, '2018-08-09', 83.834, NULL),
(1057, 22, NULL, '2018-08-10', 84.587, NULL),
(1058, 22, NULL, '2018-08-12', 87.342, NULL),
(1059, 22, NULL, '2018-08-13', 87.342, NULL),
(1060, 22, NULL, '2018-08-14', 92.611, NULL),
(1061, 22, NULL, '2018-08-15', 95.172, NULL),
(1062, 22, NULL, '2018-08-16', 99.658, NULL),
(1063, 22, NULL, '2018-08-17', 99.658, NULL),
(1064, 22, NULL, '2018-08-21', 106.555, NULL),
(1065, 22, NULL, '2018-08-22', 112.348, NULL),
(1066, 22, NULL, '2018-08-23', 115.558, NULL),
(1067, 22, NULL, '2018-08-24', 118.355, NULL),
(1068, 22, NULL, '2018-08-26', 123.531, NULL),
(1069, 22, NULL, '2018-08-27', 123.845, NULL),
(1070, 22, NULL, '2018-08-28', 123.956, NULL),
(1071, 22, NULL, '2018-08-29', 124.798, NULL),
(1072, 22, NULL, '2018-08-30', 130.795, NULL),
(1073, 22, NULL, '2018-08-31', 135.813, NULL),
(1074, 22, NULL, '2018-09-02', 138.252, NULL),
(1075, 22, NULL, '2018-09-01', 136.986, NULL),
(1076, 22, NULL, '2018-09-03', 143.074, NULL),
(1077, 22, NULL, '2018-09-04', 145.911, NULL),
(1078, 22, NULL, '2018-09-05', 147.785, NULL),
(1079, 22, NULL, '2018-09-06', 148.794, NULL),
(1080, 22, NULL, '2018-09-07', 148.794, NULL),
(1081, 22, NULL, '2018-09-09', 148.794, NULL),
(1082, 22, NULL, '2018-09-10', 150.163, NULL),
(1083, 22, NULL, '2018-09-12', 150.564, NULL),
(1084, 22, NULL, '2018-09-13', 154.062, NULL),
(1085, 22, NULL, '2018-09-19', 157.114, NULL),
(1086, 22, NULL, '2018-09-14', 154.062, NULL),
(1087, 22, NULL, '2018-09-16', 154.175, NULL),
(1088, 22, NULL, '2018-09-17', 154.175, NULL),
(1089, 22, NULL, '2018-09-18', 154.295, NULL),
(1090, 22, NULL, '2018-09-20', 157.114, NULL),
(1091, 22, NULL, '2018-09-25', 158.195, NULL),
(1092, 22, NULL, '2018-09-27', 159.459, NULL),
(1093, 22, NULL, '2018-09-28', 163.355, NULL),
(1094, 22, NULL, '2018-09-30', 165.601, NULL),
(1095, 22, NULL, '2018-10-01', 165.601, NULL),
(1096, 22, NULL, '2018-10-02', 165.601, NULL),
(1097, 22, NULL, '2018-10-03', 166.659, NULL),
(1098, 22, NULL, '2018-10-04', 168.479, NULL),
(1099, 22, NULL, '2018-10-05', 168.479, NULL),
(1100, 22, NULL, '2018-10-07', 169.831, NULL),
(1101, 22, NULL, '2018-10-08', 169.831, NULL),
(1102, 22, NULL, '2018-10-09', 171.412, NULL),
(1103, 22, NULL, '2018-10-10', 173.358, NULL),
(1104, 22, NULL, '2018-10-11', 174.914, NULL),
(1105, 22, NULL, '2018-10-12', 175.839, NULL),
(1106, 22, NULL, '2018-10-15', 177.575, NULL),
(1107, 22, NULL, '2018-10-16', 178.46, NULL),
(1108, 22, NULL, '2018-10-17', 179.336, NULL),
(1109, 22, NULL, '2018-10-19', 179.836, NULL),
(1110, 22, NULL, '2018-10-21', 179.836, NULL),
(1111, 22, NULL, '2018-10-24', 180.994, NULL),
(1112, 22, NULL, '2018-10-28', 183.872, NULL),
(1113, 22, NULL, '2018-10-29', 183.873, NULL),
(1114, 22, NULL, '2018-10-31', 184.952, NULL),
(1115, 22, NULL, '2018-11-01', 184.952, NULL),
(1116, 22, NULL, '2018-11-08', 189.343, NULL),
(1117, 22, NULL, '2018-11-09', 190.265, NULL),
(1118, 22, NULL, '2018-11-14', 190.494, NULL),
(1119, 22, NULL, '2018-11-23', 190.497, NULL),
(1120, 22, NULL, '2018-11-26', 190.498, NULL),
(1121, 22, NULL, '2018-11-28', 191.594, NULL),
(1122, 22, NULL, '2018-11-30', 191.594, NULL),
(1123, 22, NULL, '2018-12-02', 191.984, NULL),
(1124, 22, NULL, '2018-12-03', 191.984, NULL),
(1125, 22, NULL, '2018-12-04', 191.984, NULL),
(1126, 22, NULL, '2018-12-05', 191.987, NULL),
(1127, 22, NULL, '2018-12-06', 191.987, NULL),
(1128, 22, NULL, '2018-12-07', 191.987, NULL),
(1129, 22, NULL, '2018-12-10', 191.988, NULL),
(1130, 22, NULL, '2018-12-11', 191.988, NULL),
(1131, 22, NULL, '2018-12-13', 193.449, NULL),
(1132, 22, NULL, '2018-12-14', 194.12, NULL),
(1133, 22, NULL, '2018-12-17', 195.592, NULL),
(1134, 22, NULL, '2018-12-18', 195.594, NULL),
(1135, 22, NULL, '2018-12-19', 196.102, NULL),
(1136, 22, NULL, '2018-12-20', 196.102, NULL),
(1137, 22, NULL, '2018-12-21', 199.582, NULL),
(1138, 22, NULL, '2018-12-23', 199.584, NULL),
(1139, 22, NULL, '2018-12-24', 199.672, NULL),
(1140, 22, NULL, '2018-12-27', 199.977, NULL),
(1141, 22, NULL, '2018-12-30', 203.799, NULL),
(1142, 24, NULL, '2018-09-30', 0, NULL),
(1143, 24, NULL, '2018-10-01', 9.864, NULL),
(1144, 24, NULL, '2018-10-02', 11.221, NULL),
(1145, 24, NULL, '2018-10-03', 12.178, NULL),
(1146, 24, NULL, '2018-10-04', 13.858, NULL),
(1147, 24, NULL, '2018-10-05', 16.099, NULL),
(1148, 24, NULL, '2018-10-07', 19.781, NULL),
(1149, 24, NULL, '2018-10-08', 21.761, NULL),
(1150, 24, NULL, '2018-10-09', 24.422, NULL),
(1151, 24, NULL, '2018-10-10', 26.79, NULL),
(1152, 24, NULL, '2018-10-11', 28.521, NULL),
(1153, 24, NULL, '2018-10-12', 30.585, NULL),
(1154, 24, NULL, '2018-10-15', 40.705, NULL),
(1155, 24, NULL, '2018-10-16', 40.705, NULL),
(1156, 24, NULL, '2018-10-17', 44.744, NULL),
(1157, 24, NULL, '2018-10-19', 48.397, NULL),
(1158, 24, NULL, '2018-10-21', 53.938, NULL),
(1159, 24, NULL, '2018-10-24', 60.217, NULL),
(1160, 24, NULL, '2018-10-28', 72.262, NULL),
(1161, 24, NULL, '2018-10-29', 75.453, NULL),
(1162, 24, NULL, '2018-10-31', 81.408, NULL),
(1163, 24, NULL, '2018-11-01', 87.875, NULL),
(1164, 24, NULL, '2018-11-08', 105.791, NULL),
(1165, 24, NULL, '2018-11-09', 109.235, NULL),
(1166, 24, NULL, '2018-11-14', 125.986, NULL),
(1167, 24, NULL, '2018-11-23', 147.054, NULL),
(1168, 24, NULL, '2018-11-26', 150.522, NULL),
(1169, 24, NULL, '2018-11-28', 152.03, NULL);
INSERT INTO `wreading` (`wreading`, `wmeter`, `invoice`, `date`, `value`, `remark`) VALUES
(1170, 24, NULL, '2018-11-30', 153.435, NULL),
(1171, 24, NULL, '2018-12-02', 155.835, NULL),
(1172, 24, NULL, '2018-12-03', 156.465, NULL),
(1173, 24, NULL, '2018-12-04', 157.549, NULL),
(1174, 24, NULL, '2018-12-05', 158.121, NULL),
(1175, 24, NULL, '2018-12-06', 158.782, NULL),
(1176, 24, NULL, '2018-12-07', 159.56, NULL),
(1177, 24, NULL, '2018-12-10', 171.103, NULL),
(1178, 24, NULL, '2018-12-11', 171.951, NULL),
(1179, 24, NULL, '2018-12-13', 174.805, NULL),
(1180, 24, NULL, '2018-12-14', 176.986, NULL),
(1181, 24, NULL, '2018-12-17', 183.056, NULL),
(1182, 24, NULL, '2018-12-18', 183.056, NULL),
(1183, 24, NULL, '2018-12-19', 184.888, NULL),
(1184, 24, NULL, '2018-12-20', 184.89, NULL),
(1185, 24, NULL, '2018-12-21', 186.286, NULL),
(1186, 24, NULL, '2018-12-23', 191.258, NULL),
(1187, 24, NULL, '2018-12-24', 192.522, NULL),
(1188, 24, NULL, '2018-12-27', 195.767, NULL),
(1189, 24, NULL, '2018-12-30', 198.518, NULL),
(1190, 21, NULL, '2018-07-11', 0, NULL),
(1191, 21, NULL, '2018-07-14', 18.261, NULL),
(1192, 21, NULL, '2018-07-13', 9.856, NULL),
(1193, 21, NULL, '2018-07-12', 2.193, NULL),
(1194, 21, NULL, '2018-07-15', 26.599, NULL),
(1195, 21, NULL, '2018-07-16', 35.376, NULL),
(1196, 21, NULL, '2018-07-17', 44.84, NULL),
(1197, 21, NULL, '2018-07-18', 54.435, NULL),
(1198, 21, NULL, '2018-07-19', 63.931, NULL),
(1199, 21, NULL, '2018-07-20', 73.219, NULL),
(1200, 21, NULL, '2018-07-23', 101.541, NULL),
(1201, 21, NULL, '2018-07-24', 111.433, NULL),
(1202, 21, NULL, '2018-07-25', 120.806, NULL),
(1203, 21, NULL, '2018-07-26', 121.911, NULL),
(1204, 21, NULL, '2018-07-27', 121.911, NULL),
(1205, 21, NULL, '2018-07-29', 121.911, NULL),
(1206, 21, NULL, '2018-07-30', 121.911, NULL),
(1207, 21, NULL, '2018-07-31', 121.911, NULL),
(1208, 21, NULL, '2018-08-01', 121.911, NULL),
(1209, 21, NULL, '2018-08-02', 121.911, NULL),
(1210, 21, NULL, '2018-08-03', 122.431, NULL),
(1211, 21, NULL, '2018-08-05', 138.527, NULL),
(1212, 21, NULL, '2018-08-06', 138.527, NULL),
(1213, 21, NULL, '2018-08-07', 138.527, NULL),
(1214, 21, NULL, '2018-08-08', 138.527, NULL),
(1215, 21, NULL, '2018-08-09', 138.527, NULL),
(1216, 21, NULL, '2018-08-10', 138.527, NULL),
(1217, 21, NULL, '2018-08-12', 138.527, NULL),
(1218, 21, NULL, '2018-08-13', 138.527, NULL),
(1219, 21, NULL, '2018-08-14', 138.527, NULL),
(1220, 21, NULL, '2018-08-15', 138.527, NULL),
(1221, 21, NULL, '2018-08-16', 149.089, NULL),
(1222, 21, NULL, '2018-08-17', 149.089, NULL),
(1223, 21, NULL, '2018-08-21', 149.089, NULL),
(1224, 21, NULL, '2018-08-22', 149.089, NULL),
(1225, 21, NULL, '2018-08-23', 149.089, NULL),
(1226, 21, NULL, '2018-08-24', 149.089, NULL),
(1227, 21, NULL, '2018-08-26', 149.089, NULL),
(1228, 21, NULL, '2018-08-27', 149.089, NULL),
(1229, 21, NULL, '2018-08-28', 149.089, NULL),
(1230, 21, NULL, '2018-08-29', 149.089, NULL),
(1231, 21, NULL, '2018-08-30', 149.089, NULL),
(1232, 21, NULL, '2018-08-31', 149.089, NULL),
(1233, 21, NULL, '2018-09-02', 149.089, NULL),
(1234, 21, NULL, '2018-09-01', 149.089, NULL),
(1235, 21, NULL, '2018-09-03', 149.089, NULL),
(1236, 21, NULL, '2018-09-04', 149.089, NULL),
(1237, 21, NULL, '2018-09-05', 149.089, NULL),
(1238, 21, NULL, '2018-09-06', 149.277, NULL),
(1239, 21, NULL, '2018-09-07', 149.794, NULL),
(1240, 21, NULL, '2018-09-09', 151.824, NULL),
(1241, 21, NULL, '2018-09-10', 151.824, NULL),
(1242, 21, NULL, '2018-09-12', 156.337, NULL),
(1243, 21, NULL, '2018-09-13', 156.337, NULL),
(1244, 21, NULL, '2018-09-14', 165.142, NULL),
(1245, 21, NULL, '2018-09-16', 173.909, NULL),
(1246, 21, NULL, '2018-09-17', 178.188, NULL),
(1247, 21, NULL, '2018-09-18', 182.615, NULL),
(1248, 21, NULL, '2018-09-19', 190.644, NULL),
(1249, 21, NULL, '2018-09-20', 198.058, NULL),
(1250, 21, NULL, '2018-09-21', 207.048, NULL),
(1251, 21, NULL, '2018-09-23', 221.469, NULL),
(1252, 21, NULL, '2018-09-24', 221.469, NULL),
(1253, 21, NULL, '2018-09-25', 221.469, NULL),
(1254, 21, NULL, '2018-09-26', 221.469, NULL),
(1255, 21, NULL, '2018-09-27', 221.469, NULL),
(1256, 21, NULL, '2018-09-28', 221.469, NULL),
(1257, 21, NULL, '2018-09-30', 221.469, NULL),
(1258, 21, NULL, '2018-10-01', 222.472, NULL),
(1259, 21, NULL, '2018-10-02', 222.472, NULL),
(1260, 21, NULL, '2018-10-03', 227.109, NULL),
(1261, 21, NULL, '2018-10-04', 228.06, NULL),
(1262, 21, NULL, '2018-10-05', 231.448, NULL),
(1263, 21, NULL, '2018-10-07', 231.448, NULL),
(1264, 21, NULL, '2018-10-08', 231.448, NULL),
(1265, 21, NULL, '2018-10-09', 240.384, NULL),
(1266, 21, NULL, '2018-10-10', 240.384, NULL),
(1267, 21, NULL, '2018-10-11', 240.384, NULL),
(1268, 21, NULL, '2018-10-12', 240.384, NULL),
(1269, 21, NULL, '2018-10-15', 240.384, NULL),
(1270, 21, NULL, '2018-10-16', 240.384, NULL),
(1271, 21, NULL, '2018-10-17', 240.384, NULL),
(1272, 21, NULL, '2018-10-19', 240.384, NULL),
(1273, 21, NULL, '2018-10-21', 240.384, NULL),
(1274, 21, NULL, '2018-10-24', 240.384, NULL),
(1275, 21, NULL, '2018-10-28', 240.384, NULL),
(1276, 21, NULL, '2018-10-29', 240.384, NULL),
(1277, 21, NULL, '2018-10-31', 240.384, NULL),
(1278, 21, NULL, '2018-11-08', 240.384, NULL),
(1279, 21, NULL, '2018-11-01', 240.384, NULL),
(1280, 21, NULL, '2018-11-09', 257.5, NULL),
(1281, 21, NULL, '2018-11-14', 257.5, NULL),
(1282, 21, NULL, '2018-11-23', 257.5, NULL),
(1283, 21, NULL, '2018-11-26', 257.5, NULL),
(1284, 21, NULL, '2018-11-28', 257.5, NULL),
(1285, 21, NULL, '2018-11-30', 257.5, NULL),
(1286, 21, NULL, '2018-12-02', 257.5, NULL),
(1287, 21, NULL, '2018-12-03', 257.5, NULL),
(1288, 21, NULL, '2018-12-04', 257.5, NULL),
(1289, 21, NULL, '2018-12-05', 257.5, NULL),
(1290, 21, NULL, '2018-12-06', 257.5, NULL),
(1291, 21, NULL, '2018-12-07', 257.5, NULL),
(1292, 21, NULL, '2018-12-10', 257.5, NULL),
(1293, 21, NULL, '2018-12-11', 257.5, NULL),
(1294, 21, NULL, '2018-12-13', 257.5, NULL),
(1295, 21, NULL, '2018-12-14', 257.5, NULL),
(1296, 21, NULL, '2018-12-17', 257.5, NULL),
(1297, 21, NULL, '2018-12-18', 257.5, NULL),
(1298, 21, NULL, '2018-12-19', 257.5, NULL),
(1299, 21, NULL, '2018-12-20', 257.5, NULL),
(1300, 21, NULL, '2018-12-21', 257.5, NULL),
(1301, 21, NULL, '2018-12-23', 257.5, NULL),
(1302, 21, NULL, '2018-12-24', 257.5, NULL),
(1303, 21, NULL, '2018-12-27', 257.5, NULL),
(1304, 21, NULL, '2018-12-30', 257.5, NULL),
(1305, 23, NULL, '2018-10-01', 0, NULL),
(1306, 23, NULL, '2018-10-02', 0.062, NULL),
(1307, 23, NULL, '2018-10-03', 0.198, NULL),
(1308, 23, NULL, '2018-10-04', 0.316, NULL),
(1309, 23, NULL, '2018-10-05', 0.463, NULL),
(1310, 23, NULL, '2018-10-07', 0.666, NULL),
(1311, 23, NULL, '2018-10-08', 0.71, NULL),
(1312, 23, NULL, '2018-10-09', 0.834, NULL),
(1313, 23, NULL, '2018-10-10', 0.897, NULL),
(1314, 23, NULL, '2018-10-11', 1.016, NULL),
(1315, 23, NULL, '2018-10-12', 1.207, NULL),
(1316, 23, NULL, '2018-10-15', 1.512, NULL),
(1317, 23, NULL, '2018-10-16', 1.572, NULL),
(1318, 23, NULL, '2018-10-17', 1.648, NULL),
(1319, 23, NULL, '2018-10-19', 1.899, NULL),
(1320, 23, NULL, '2018-10-21', 2.183, NULL),
(1321, 23, NULL, '2018-10-24', 2.593, NULL),
(1322, 23, NULL, '2018-10-28', 3.181, NULL),
(1323, 23, NULL, '2018-10-29', 3.309, NULL),
(1324, 23, NULL, '2018-10-31', 3.539, NULL),
(1325, 23, NULL, '2018-11-01', 3.94, NULL),
(1326, 23, NULL, '2018-11-08', 4.425, NULL),
(1327, 23, NULL, '2018-11-09', 4.536, NULL),
(1328, 23, NULL, '2018-11-14', 5.014, NULL),
(1329, 23, NULL, '2018-11-23', 6.07, NULL),
(1330, 23, NULL, '2018-11-26', 6.369, NULL),
(1331, 23, NULL, '2018-11-28', 6.548, NULL),
(1332, 23, NULL, '2018-11-30', 6.78, NULL),
(1333, 23, NULL, '2018-12-02', 7.008, NULL),
(1334, 23, NULL, '2018-12-03', 7.078, NULL),
(1335, 23, NULL, '2018-12-04', 7.203, NULL),
(1336, 23, NULL, '2018-12-05', 7.287, NULL),
(1337, 23, NULL, '2018-12-06', 7.446, NULL),
(1338, 23, NULL, '2018-12-07', 7.588, NULL),
(1339, 23, NULL, '2018-12-10', 7.79, NULL),
(1340, 23, NULL, '2018-12-11', 7.876, NULL),
(1341, 23, NULL, '2018-12-13', 8.047, NULL),
(1342, 23, NULL, '2018-12-14', 8.139, NULL),
(1343, 23, NULL, '2018-12-17', 8.392, NULL),
(1344, 23, NULL, '2018-12-18', 8.549, NULL),
(1345, 23, NULL, '2018-12-19', 8.826, NULL),
(1346, 23, NULL, '2018-12-20', 8.828, NULL),
(1347, 23, NULL, '2018-12-21', 8.857, NULL),
(1348, 23, NULL, '2018-12-23', 9.319, NULL),
(1349, 23, NULL, '2018-12-24', 9.401, NULL),
(1350, 23, NULL, '2018-12-27', 9.609, NULL),
(1351, 23, NULL, '2018-12-30', 9.921, NULL),
(1352, 12, NULL, '2018-05-28', 0, NULL),
(1353, 12, NULL, '2018-05-29', 0, NULL),
(1354, 12, NULL, '2018-05-30', 0, NULL),
(1355, 12, NULL, '2018-05-31', 0, NULL),
(1356, 12, NULL, '2018-06-01', 1, NULL),
(1357, 12, NULL, '2018-06-03', 1, NULL),
(1358, 12, NULL, '2018-06-04', 1, NULL),
(1359, 12, NULL, '2018-06-05', 1, NULL),
(1360, 12, NULL, '2018-06-06', 1, NULL),
(1361, 12, NULL, '2018-06-07', 2, NULL),
(1362, 12, NULL, '2018-06-08', 2, NULL),
(1363, 12, NULL, '2018-06-10', 2, NULL),
(1364, 12, NULL, '2018-06-11', 2, NULL),
(1365, 12, NULL, '2018-06-12', 4, NULL),
(1366, 12, NULL, '2018-06-13', 4, NULL),
(1367, 12, NULL, '2018-06-14', 4, NULL),
(1368, 12, NULL, '2018-06-15', 4, NULL),
(1369, 12, NULL, '2018-06-18', 4, NULL),
(1370, 12, NULL, '2018-06-19', 4, NULL),
(1371, 12, NULL, '2018-06-20', 4, NULL),
(1372, 12, NULL, '2018-06-21', 4, NULL),
(1373, 12, NULL, '2018-06-22', 5, NULL),
(1374, 12, NULL, '2018-06-24', 5, NULL),
(1375, 12, NULL, '2018-06-25', 5, NULL),
(1376, 12, NULL, '2018-06-26', 5, NULL),
(1377, 12, NULL, '2018-06-27', 5, NULL),
(1378, 12, NULL, '2018-06-28', 6, NULL),
(1379, 12, NULL, '2018-06-29', 6, NULL),
(1380, 12, NULL, '2018-06-30', 6, NULL),
(1381, 12, NULL, '2018-07-01', 6, NULL),
(1382, 12, NULL, '2018-07-02', 7, NULL),
(1383, 12, NULL, '2018-07-03', 7, NULL),
(1384, 12, NULL, '2018-07-04', 7, NULL),
(1385, 12, NULL, '2018-07-05', 8, NULL),
(1386, 12, NULL, '2018-07-06', 8, NULL),
(1387, 12, NULL, '2018-07-08', 9, NULL),
(1388, 12, NULL, '2018-07-09', 9, NULL),
(1389, 12, NULL, '2018-07-11', 11, NULL),
(1390, 12, NULL, '2018-07-10', 10, NULL),
(1391, 12, NULL, '2018-07-12', 12, NULL),
(1392, 12, NULL, '2018-07-13', 12, NULL),
(1393, 12, NULL, '2018-07-14', 12, NULL),
(1394, 12, NULL, '2018-07-15', 12, NULL),
(1395, 12, NULL, '2018-07-16', 13, NULL),
(1396, 12, NULL, '2018-07-17', 14, NULL),
(1397, 12, NULL, '2018-07-18', 14, NULL),
(1398, 12, NULL, '2018-07-19', 14, NULL),
(1399, 12, NULL, '2018-07-20', 15, NULL),
(1400, 12, NULL, '2018-07-23', 16, NULL),
(1401, 12, NULL, '2018-07-24', 17, NULL),
(1402, 12, NULL, '2018-07-25', 17, NULL),
(1403, 12, NULL, '2018-07-26', 18, NULL),
(1404, 12, NULL, '2018-07-27', 18, NULL),
(1405, 12, NULL, '2018-07-29', 19, NULL),
(1406, 12, NULL, '2018-07-30', 19, NULL),
(1407, 12, NULL, '2018-07-31', 20, NULL),
(1408, 12, NULL, '2018-08-01', 20, NULL),
(1409, 12, NULL, '2018-08-02', 21, NULL),
(1410, 12, NULL, '2018-08-03', 22, NULL),
(1411, 12, NULL, '2018-08-05', 22, NULL),
(1412, 12, NULL, '2018-08-06', 23, NULL),
(1413, 12, NULL, '2018-08-07', 23, NULL),
(1414, 12, NULL, '2018-08-08', 24, NULL),
(1415, 12, NULL, '2018-08-09', 24, NULL),
(1416, 12, NULL, '2018-08-10', 25, NULL),
(1417, 12, NULL, '2018-08-12', 26, NULL),
(1418, 12, NULL, '2018-08-13', 26, NULL),
(1419, 12, NULL, '2018-08-14', 27, NULL),
(1420, 12, NULL, '2018-08-15', 27, NULL),
(1421, 12, NULL, '2018-08-16', 28, NULL),
(1422, 12, NULL, '2018-08-17', 29, NULL),
(1423, 12, NULL, '2018-08-21', 32, NULL),
(1424, 12, NULL, '2018-08-22', 32, NULL),
(1425, 12, NULL, '2018-08-23', 32, NULL),
(1426, 12, NULL, '2018-08-24', 34, NULL),
(1427, 12, NULL, '2018-08-26', 34, NULL),
(1428, 12, NULL, '2018-08-27', 34, NULL),
(1429, 12, NULL, '2018-08-28', 35, NULL),
(1430, 12, NULL, '2018-08-29', 35, NULL),
(1431, 12, NULL, '2018-08-30', 35, NULL),
(1432, 12, NULL, '2018-08-31', 36, NULL),
(1433, 12, NULL, '2018-09-02', 37, NULL),
(1434, 12, NULL, '2018-09-01', 36, NULL),
(1435, 12, NULL, '2018-09-03', 37, NULL),
(1436, 12, NULL, '2018-09-04', 38, NULL),
(1437, 12, NULL, '2018-09-05', 39, NULL),
(1438, 12, NULL, '2018-09-06', 39, NULL),
(1439, 12, NULL, '2018-09-07', 40, NULL),
(1440, 12, NULL, '2018-09-09', 41, NULL),
(1441, 12, NULL, '2018-09-10', 41, NULL),
(1442, 12, NULL, '2018-09-12', 43, NULL),
(1443, 12, NULL, '2018-09-13', 43, NULL),
(1444, 12, NULL, '2018-09-14', 44, NULL),
(1445, 12, NULL, '2018-09-16', 44, NULL),
(1446, 12, NULL, '2018-09-17', 45, NULL),
(1447, 12, NULL, '2018-09-18', 45, NULL),
(1448, 12, NULL, '2018-09-19', 46, NULL),
(1449, 12, NULL, '2018-09-20', 46, NULL),
(1450, 12, NULL, '2018-09-21', 47, NULL),
(1451, 12, NULL, '2018-09-23', 47, NULL),
(1452, 12, NULL, '2018-09-24', 48, NULL),
(1453, 12, NULL, '2018-09-25', 48, NULL),
(1454, 12, NULL, '2018-09-26', 49, NULL),
(1455, 12, NULL, '2018-09-27', 50, NULL),
(1456, 12, NULL, '2018-09-28', 50, NULL),
(1457, 12, NULL, '2018-09-30', 51, NULL),
(1458, 12, NULL, '2018-10-01', 51, NULL),
(1459, 12, NULL, '2018-10-02', 52, NULL),
(1460, 12, NULL, '2018-10-04', 53, NULL),
(1461, 12, NULL, '2018-10-03', 52, NULL),
(1462, 12, NULL, '2018-10-05', 54, NULL),
(1463, 12, NULL, '2018-10-07', 55, NULL),
(1464, 12, NULL, '2018-10-08', 55, NULL),
(1465, 12, NULL, '2018-10-09', 55, NULL),
(1466, 12, NULL, '2018-10-10', 55, NULL),
(1467, 12, NULL, '2018-10-11', 56, NULL),
(1468, 12, NULL, '2018-10-12', 56, NULL),
(1469, 12, NULL, '2018-10-16', 57, NULL),
(1470, 12, NULL, '2018-10-17', 57, NULL),
(1471, 12, NULL, '2018-10-19', 58, NULL),
(1472, 12, NULL, '2018-10-21', 59, NULL),
(1473, 12, NULL, '2018-10-24', 60, NULL),
(1474, 12, NULL, '2018-10-28', 61, NULL),
(1475, 12, NULL, '2018-10-29', 61, NULL),
(1476, 12, NULL, '2018-10-31', 63, NULL),
(1477, 12, NULL, '2018-11-08', 68, NULL),
(1478, 12, NULL, '2018-11-09', 68, NULL),
(1479, 12, NULL, '2018-11-14', 70, NULL),
(1480, 12, NULL, '2018-11-23', 75, NULL),
(1481, 12, NULL, '2018-11-26', 76, NULL),
(1482, 12, NULL, '2018-11-28', 78, NULL),
(1483, 12, NULL, '2018-11-30', 78, NULL),
(1484, 12, NULL, '2018-12-02', 79, NULL),
(1485, 12, NULL, '2018-12-03', 80, NULL),
(1486, 12, NULL, '2018-12-04', 81, NULL),
(1487, 12, NULL, '2018-12-05', 81, NULL),
(1488, 12, NULL, '2018-12-06', 81, NULL),
(1489, 12, NULL, '2018-12-07', 81, NULL),
(1490, 12, NULL, '2018-12-10', 81, NULL),
(1491, 12, NULL, '2018-12-11', 81, NULL),
(1492, 12, NULL, '2018-12-13', 82, NULL),
(1493, 12, NULL, '2018-12-14', 83, NULL),
(1494, 12, NULL, '2018-12-17', 84, NULL),
(1495, 12, NULL, '2018-12-18', 85, NULL),
(1496, 12, NULL, '2018-12-19', 85, NULL),
(1497, 12, NULL, '2018-12-20', 86, NULL),
(1498, 12, NULL, '2018-12-21', 87, NULL),
(1499, 12, NULL, '2018-12-23', 88, NULL),
(1500, 12, NULL, '2018-12-24', 88, NULL),
(1501, 12, NULL, '2018-12-27', 89, NULL),
(1502, 12, NULL, '2018-12-30', 90, NULL),
(1503, 13, NULL, '2018-05-28', 0, NULL),
(1504, 13, NULL, '2018-05-29', 0, NULL),
(1505, 13, NULL, '2018-05-30', 0, NULL),
(1506, 13, NULL, '2018-05-31', 0, NULL),
(1507, 13, NULL, '2018-06-01', 0, NULL),
(1508, 13, NULL, '2018-06-03', 0, NULL),
(1509, 13, NULL, '2018-06-04', 0, NULL),
(1510, 13, NULL, '2018-06-05', 0, NULL),
(1511, 13, NULL, '2018-06-06', 2, NULL),
(1512, 13, NULL, '2018-06-07', 2, NULL),
(1513, 13, NULL, '2018-06-08', 3, NULL),
(1514, 13, NULL, '2018-06-10', 4, NULL),
(1515, 13, NULL, '2018-06-11', 5, NULL),
(1516, 13, NULL, '2018-06-12', 6, NULL),
(1517, 13, NULL, '2018-06-13', 7, NULL),
(1518, 13, NULL, '2018-06-14', 8, NULL),
(1519, 13, NULL, '2018-06-15', 8, NULL),
(1520, 13, NULL, '2018-06-18', 12, NULL),
(1521, 13, NULL, '2018-06-19', 13, NULL),
(1522, 13, NULL, '2018-06-20', 14, NULL),
(1523, 13, NULL, '2018-06-21', 15, NULL),
(1524, 13, NULL, '2018-06-22', 15, NULL),
(1525, 13, NULL, '2018-06-24', 21, NULL),
(1526, 13, NULL, '2018-06-25', 21, NULL),
(1527, 13, NULL, '2018-06-26', 24, NULL),
(1528, 13, NULL, '2018-06-27', 24, NULL),
(1529, 13, NULL, '2018-06-28', 25, NULL),
(1530, 13, NULL, '2018-06-29', 26, NULL),
(1531, 13, NULL, '2018-06-30', 26, NULL),
(1532, 13, NULL, '2018-07-01', 26, NULL),
(1533, 13, NULL, '2018-07-02', 26, NULL),
(1534, 13, NULL, '2018-07-03', 28, NULL),
(1535, 13, NULL, '2018-07-05', 28, NULL),
(1536, 13, NULL, '2018-07-06', 28, NULL),
(1537, 13, NULL, '2018-07-08', 32, NULL),
(1538, 13, NULL, '2018-07-09', 33, NULL),
(1539, 13, NULL, '2018-07-11', 36, NULL),
(1540, 13, NULL, '2018-07-10', 34, NULL),
(1541, 13, NULL, '2018-07-12', 37, NULL),
(1542, 13, NULL, '2018-07-13', 38, NULL),
(1543, 13, NULL, '2018-07-14', 41, NULL),
(1544, 13, NULL, '2018-07-15', 41, NULL),
(1545, 13, NULL, '2018-07-16', 41, NULL),
(1546, 13, NULL, '2018-07-17', 43, NULL),
(1547, 13, NULL, '2018-07-18', 44, NULL),
(1548, 13, NULL, '2018-07-19', 44, NULL),
(1549, 13, NULL, '2018-07-20', 45, NULL),
(1550, 13, NULL, '2018-07-23', 45, NULL),
(1551, 13, NULL, '2018-07-24', 46, NULL),
(1552, 13, NULL, '2018-07-25', 46, NULL),
(1553, 13, NULL, '2018-07-26', 46, NULL),
(1554, 13, NULL, '2018-07-27', 46, NULL),
(1555, 13, NULL, '2018-07-29', 48, NULL),
(1556, 13, NULL, '2018-07-30', 49, NULL),
(1557, 13, NULL, '2018-07-31', 49, NULL),
(1558, 13, NULL, '2018-08-01', 49, NULL),
(1559, 13, NULL, '2018-08-02', 49, NULL),
(1560, 13, NULL, '2018-08-03', 49, NULL),
(1561, 13, NULL, '2018-08-05', 51, NULL),
(1562, 13, NULL, '2018-08-06', 52, NULL),
(1563, 13, NULL, '2018-08-07', 53, NULL),
(1564, 13, NULL, '2018-08-08', 55, NULL),
(1565, 13, NULL, '2018-08-09', 55, NULL),
(1566, 13, NULL, '2018-08-10', 57, NULL),
(1567, 13, NULL, '2018-08-12', 57, NULL),
(1568, 13, NULL, '2018-08-13', 58, NULL),
(1569, 13, NULL, '2018-08-14', 58, NULL),
(1570, 13, NULL, '2018-08-15', 58, NULL),
(1571, 13, NULL, '2018-08-16', 58, NULL),
(1572, 13, NULL, '2018-08-17', 58, NULL),
(1573, 13, NULL, '2018-08-21', 59, NULL),
(1574, 13, NULL, '2018-08-22', 59, NULL),
(1575, 13, NULL, '2018-08-23', 60, NULL),
(1576, 13, NULL, '2018-08-24', 60, NULL),
(1577, 13, NULL, '2018-08-26', 60, NULL),
(1578, 13, NULL, '2018-08-27', 61, NULL),
(1579, 13, NULL, '2018-08-28', 61, NULL),
(1580, 13, NULL, '2018-08-29', 61, NULL),
(1581, 13, NULL, '2018-08-31', 61, NULL),
(1582, 13, NULL, '2018-09-02', 67, NULL),
(1583, 13, NULL, '2018-09-01', 64, NULL),
(1584, 13, NULL, '2018-09-03', 68, NULL),
(1585, 13, NULL, '2018-09-04', 68, NULL),
(1586, 13, NULL, '2018-09-05', 68, NULL),
(1587, 13, NULL, '2018-09-06', 68, NULL),
(1588, 13, NULL, '2018-09-07', 69, NULL),
(1589, 13, NULL, '2018-09-09', 69, NULL),
(1590, 13, NULL, '2018-09-10', 69, NULL),
(1591, 13, NULL, '2018-09-12', 69, NULL),
(1592, 13, NULL, '2018-09-13', 69, NULL),
(1593, 13, NULL, '2018-09-14', 69, NULL),
(1594, 13, NULL, '2018-09-16', 69, NULL),
(1595, 13, NULL, '2018-09-17', 69, NULL),
(1596, 13, NULL, '2018-09-18', 69, NULL),
(1597, 13, NULL, '2018-09-19', 69, NULL),
(1598, 13, NULL, '2018-09-20', 69, NULL),
(1599, 13, NULL, '2018-09-21', 69, NULL),
(1600, 13, NULL, '2018-09-23', 69, NULL),
(1601, 13, NULL, '2018-09-24', 70, NULL),
(1602, 13, NULL, '2018-09-25', 70, NULL),
(1603, 13, NULL, '2018-09-26', 70, NULL),
(1604, 13, NULL, '2018-09-27', 70, NULL),
(1605, 13, NULL, '2018-09-28', 70, NULL),
(1606, 13, NULL, '2018-09-30', 71, NULL),
(1607, 13, NULL, '2018-10-01', 71, NULL),
(1608, 13, NULL, '2018-10-02', 71, NULL),
(1609, 13, NULL, '2018-10-03', 72, NULL),
(1610, 13, NULL, '2018-10-04', 72, NULL),
(1611, 13, NULL, '2018-10-05', 72, NULL),
(1612, 13, NULL, '2018-10-07', 73, NULL),
(1613, 13, NULL, '2018-10-08', 73, NULL),
(1614, 13, NULL, '2018-10-09', 74, NULL),
(1615, 13, NULL, '2018-10-10', 74, NULL),
(1616, 13, NULL, '2018-10-11', 74, NULL),
(1617, 13, NULL, '2018-10-12', 74, NULL),
(1618, 13, NULL, '2018-10-15', 74, NULL),
(1619, 13, NULL, '2018-10-16', 75, NULL),
(1620, 13, NULL, '2018-10-17', 76, NULL),
(1621, 13, NULL, '2018-10-19', 76, NULL),
(1622, 13, NULL, '2018-10-21', 77, NULL),
(1623, 13, NULL, '2018-10-24', 77, NULL),
(1624, 13, NULL, '2018-10-29', 79, NULL),
(1625, 13, NULL, '2018-10-31', 80, NULL),
(1626, 13, NULL, '2018-11-08', 83, NULL),
(1627, 13, NULL, '2018-11-09', 83, NULL),
(1628, 13, NULL, '2018-11-14', 84, NULL),
(1629, 13, NULL, '2018-11-23', 88, NULL),
(1630, 13, NULL, '2018-11-26', 89, NULL),
(1631, 13, NULL, '2018-11-28', 90, NULL),
(1632, 13, NULL, '2018-11-30', 92, NULL),
(1633, 13, NULL, '2018-12-02', 93, NULL),
(1634, 13, NULL, '2018-12-03', 94, NULL),
(1635, 13, NULL, '2018-12-04', 95, NULL),
(1636, 13, NULL, '2018-12-05', 95, NULL),
(1637, 13, NULL, '2018-12-06', 95, NULL),
(1638, 13, NULL, '2018-12-07', 95, NULL),
(1639, 13, NULL, '2018-12-10', 95, NULL),
(1640, 13, NULL, '2018-12-11', 95, NULL),
(1641, 13, NULL, '2018-12-13', 96, NULL),
(1642, 13, NULL, '2018-12-14', 98, NULL),
(1643, 13, NULL, '2018-12-17', 99, NULL),
(1644, 13, NULL, '2018-12-18', 101, NULL),
(1645, 13, NULL, '2018-12-19', 101, NULL),
(1646, 13, NULL, '2018-12-20', 101, NULL),
(1647, 13, NULL, '2018-12-21', 102, NULL),
(1648, 13, NULL, '2018-12-23', 103, NULL),
(1649, 13, NULL, '2018-12-24', 103, NULL),
(1650, 13, NULL, '2018-12-27', 104, NULL),
(1651, 13, NULL, '2018-12-30', 105, NULL),
(1652, 9, NULL, '2018-04-30', 152, NULL),
(1653, 9, NULL, '2018-05-01', 24.303, NULL),
(1654, 9, NULL, '2018-05-02', 24.4, NULL),
(1655, 9, NULL, '2018-05-03', 24.468, NULL),
(1656, 9, NULL, '2018-05-04', 24.579, NULL),
(1657, 9, NULL, '2018-05-07', 24.924, NULL),
(1658, 9, NULL, '2018-05-08', 24.97, NULL),
(1659, 9, NULL, '2018-05-09', 25.055, NULL),
(1660, 9, NULL, '2018-05-11', 25.429, NULL),
(1661, 9, NULL, '2018-05-10', 25.29, NULL),
(1662, 9, NULL, '2018-05-14', 25.429, NULL),
(1663, 9, NULL, '2018-05-15', 25.823, NULL),
(1664, 9, NULL, '2018-05-16', 25.91, NULL),
(1665, 9, NULL, '2018-05-17', 26.034, NULL),
(1666, 9, NULL, '2018-05-18', 26.116, NULL),
(1667, 9, NULL, '2018-05-21', 26.544, NULL),
(1668, 9, NULL, '2018-05-22', 26.544, NULL),
(1669, 9, NULL, '2018-05-23', 26.88, NULL),
(1670, 9, NULL, '2018-05-24', 26.809, NULL),
(1671, 9, NULL, '2018-05-25', 27.051, NULL),
(1672, 9, NULL, '2018-05-28', 27.634, NULL),
(1673, 9, NULL, '2018-05-29', 27.788, NULL),
(1674, 9, NULL, '2018-05-30', 27.882, NULL),
(1675, 9, NULL, '2018-05-31', 27.882, NULL),
(1676, 9, NULL, '2018-06-01', 28.138, NULL),
(1677, 9, NULL, '2018-06-03', 28.313, NULL),
(1678, 9, NULL, '2018-06-04', 28.436, NULL),
(1679, 9, NULL, '2018-06-05', 28.52, NULL),
(1680, 9, NULL, '2018-06-06', 28.587, NULL),
(1681, 9, NULL, '2018-06-07', 28.728, NULL),
(1682, 9, NULL, '2018-06-08', 28.758, NULL),
(1683, 9, NULL, '2018-06-10', 28.758, NULL),
(1684, 9, NULL, '2018-06-11', 29.038, NULL),
(1685, 9, NULL, '2018-06-12', 29.081, NULL),
(1686, 9, NULL, '2018-06-13', 29.179, NULL),
(1687, 9, NULL, '2018-06-14', 29.288, NULL),
(1688, 9, NULL, '2018-06-15', 29.426, NULL),
(1689, 9, NULL, '2018-06-18', 29.764, NULL),
(1690, 9, NULL, '2018-06-19', 29.861, NULL),
(1691, 9, NULL, '2018-06-20', 29.958, NULL),
(1692, 9, NULL, '2018-06-21', 30.14, NULL),
(1693, 9, NULL, '2018-06-22', 30.208, NULL),
(1694, 9, NULL, '2018-06-24', 30.208, NULL),
(1695, 9, NULL, '2018-06-25', 30.484, NULL),
(1696, 9, NULL, '2018-06-26', 30.562, NULL),
(1697, 9, NULL, '2018-06-27', 30.672, NULL),
(1698, 9, NULL, '2018-06-28', 30.849, NULL),
(1699, 9, NULL, '2018-06-29', 30.886, NULL),
(1700, 9, NULL, '2018-06-30', 30.976, NULL),
(1701, 9, NULL, '2018-07-01', 31.093, NULL),
(1702, 9, NULL, '2018-07-02', 31.189, NULL),
(1703, 9, NULL, '2018-07-03', 31.216, NULL),
(1704, 9, NULL, '2018-07-04', 31.397, NULL),
(1705, 9, NULL, '2018-07-05', 31.451, NULL),
(1706, 9, NULL, '2018-07-06', 31.621, NULL),
(1707, 9, NULL, '2018-07-08', 31.799, NULL),
(1708, 9, NULL, '2018-07-09', 31.901, NULL),
(1709, 9, NULL, '2018-07-11', 32.0546, NULL),
(1710, 9, NULL, '2018-07-10', 31.973, NULL),
(1711, 9, NULL, '2018-07-12', 32.182, NULL),
(1712, 9, NULL, '2018-07-13', 32.329, NULL),
(1713, 9, NULL, '2018-07-14', 32.431, NULL),
(1714, 9, NULL, '2018-07-15', 32.535, NULL),
(1715, 9, NULL, '2018-07-16', 32.629, NULL),
(1716, 9, NULL, '2018-07-17', 32.721, NULL),
(1717, 9, NULL, '2018-07-18', 32.802, NULL),
(1718, 9, NULL, '2018-07-19', 32.988, NULL),
(1719, 9, NULL, '2018-07-20', 33.034, NULL),
(1720, 9, NULL, '2018-07-23', 33.308, NULL),
(1721, 9, NULL, '2018-07-24', 33.368, NULL),
(1722, 9, NULL, '2018-07-25', 33.438, NULL),
(1723, 9, NULL, '2018-07-26', 33.509, NULL),
(1724, 9, NULL, '2018-07-29', 33.823, NULL),
(1725, 9, NULL, '2018-07-30', 33.969, NULL),
(1726, 9, NULL, '2018-07-31', 34.077, NULL),
(1727, 9, NULL, '2018-08-01', 34.156, NULL),
(1728, 9, NULL, '2018-08-02', 34.294, NULL),
(1729, 9, NULL, '2018-08-03', 34.397, NULL),
(1730, 9, NULL, '2018-08-05', 34.645, NULL),
(1731, 9, NULL, '2018-08-07', 35.031, NULL),
(1732, 9, NULL, '2018-08-08', 35.16, NULL),
(1733, 9, NULL, '2018-08-09', 35.223, NULL),
(1734, 9, NULL, '2018-08-10', 35.446, NULL),
(1735, 9, NULL, '2018-08-12', 35.686, NULL),
(1736, 9, NULL, '2018-08-13', 35.777, NULL),
(1737, 9, NULL, '2018-08-14', 35.876, NULL),
(1738, 9, NULL, '2018-08-15', 35.991, NULL),
(1739, 9, NULL, '2018-08-16', 36.168, NULL),
(1740, 9, NULL, '2018-08-17', 36.247, NULL),
(1741, 9, NULL, '2018-08-21', 36.721, NULL),
(1742, 9, NULL, '2018-08-22', 36.851, NULL),
(1743, 9, NULL, '2018-08-23', 36.915, NULL),
(1744, 9, NULL, '2018-08-24', 37.084, NULL),
(1745, 9, NULL, '2018-08-26', 37.247, NULL),
(1746, 9, NULL, '2018-08-27', 37.432, NULL),
(1747, 9, NULL, '2018-08-28', 37.532, NULL),
(1748, 9, NULL, '2018-08-29', 37.556, NULL),
(1749, 9, NULL, '2018-08-30', 37.575, NULL),
(1750, 9, NULL, '2018-09-02', 37.866, NULL),
(1751, 9, NULL, '2018-09-01', 37.676, NULL),
(1752, 9, NULL, '2018-09-03', 37.974, NULL),
(1753, 9, NULL, '2018-09-04', 38.081, NULL),
(1754, 9, NULL, '2018-09-05', 38.173, NULL),
(1755, 9, NULL, '2018-09-06', 38.308, NULL),
(1756, 9, NULL, '2018-09-07', 38.582, NULL),
(1757, 9, NULL, '2018-09-09', 38.861, NULL),
(1758, 9, NULL, '2018-09-10', 38.93, NULL),
(1759, 9, NULL, '2018-09-12', 39.089, NULL),
(1760, 9, NULL, '2018-09-13', 39.162, NULL),
(1761, 9, NULL, '2018-09-14', 39.267, NULL),
(1762, 9, NULL, '2018-09-16', 39.459, NULL),
(1763, 9, NULL, '2018-09-17', 39.497, NULL),
(1764, 9, NULL, '2018-09-18', 39.555, NULL),
(1765, 9, NULL, '2018-09-19', 39.614, NULL),
(1766, 9, NULL, '2018-09-20', 39.7, NULL),
(1767, 9, NULL, '2018-09-21', 39.816, NULL),
(1768, 9, NULL, '2018-09-23', 40.038, NULL),
(1769, 9, NULL, '2018-09-24', 40.162, NULL),
(1770, 9, NULL, '2018-09-25', 40.43, NULL),
(1771, 9, NULL, '2018-09-26', 44.827, NULL),
(1772, 9, NULL, '2018-09-27', 44.939, NULL),
(1773, 9, NULL, '2018-09-28', 45.095, NULL),
(1774, 9, NULL, '2018-09-30', 45.387, NULL),
(1775, 9, NULL, '2018-10-01', 45.387, NULL),
(1776, 9, NULL, '2018-10-02', 45.449, NULL),
(1777, 9, NULL, '2018-10-03', 45.647, NULL),
(1778, 9, NULL, '2018-10-04', 45.963, NULL),
(1779, 9, NULL, '2018-10-05', 46.11, NULL),
(1780, 2, NULL, '2018-05-28', 110, NULL),
(1781, 2, NULL, '2018-05-29', 112, NULL),
(1782, 2, NULL, '2018-05-30', 114, NULL),
(1783, 2, NULL, '2018-05-31', 118, NULL),
(1784, 2, NULL, '2018-06-01', 122, NULL),
(1785, 2, NULL, '2018-06-03', 122, NULL),
(1786, 2, NULL, '2018-06-04', 123, NULL),
(1787, 2, NULL, '2018-06-05', 123, NULL),
(1788, 2, NULL, '2018-06-06', 123, NULL),
(1789, 2, NULL, '2018-06-07', 125, NULL),
(1790, 2, NULL, '2018-06-08', 10, NULL),
(1791, 2, NULL, '2018-06-10', 12, NULL),
(1792, 2, NULL, '2018-06-11', 13, NULL),
(1793, 2, NULL, '2018-06-12', 15, NULL),
(1794, 2, NULL, '2018-06-13', 15, NULL),
(1795, 2, NULL, '2018-06-14', 15, NULL),
(1796, 2, NULL, '2018-06-15', 15, NULL),
(1797, 2, NULL, '2018-06-18', 18, NULL),
(1798, 2, NULL, '2018-06-19', 19, NULL),
(1799, 2, NULL, '2018-06-20', 19, NULL),
(1800, 2, NULL, '2018-06-21', 20, NULL),
(1801, 2, NULL, '2018-06-22', 21, NULL),
(1802, 2, NULL, '2018-06-24', 23, NULL),
(1803, 2, NULL, '2018-06-25', 24, NULL),
(1804, 2, NULL, '2018-06-26', 25, NULL),
(1805, 2, NULL, '2018-06-27', 25, NULL),
(1806, 2, NULL, '2018-06-28', 26, NULL),
(1807, 2, NULL, '2018-06-29', 27, NULL),
(1808, 2, NULL, '2018-06-30', 27, NULL),
(1809, 2, NULL, '2018-07-01', 29, NULL),
(1810, 2, NULL, '2018-07-02', 29, NULL),
(1811, 2, NULL, '2018-07-03', 31, NULL),
(1812, 2, NULL, '2018-07-04', 31, NULL),
(1813, 2, NULL, '2018-07-05', 32, NULL),
(1814, 2, NULL, '2018-07-06', 33, NULL),
(1815, 2, NULL, '2018-07-08', 35, NULL),
(1816, 2, NULL, '2018-07-09', 36, NULL),
(1817, 2, NULL, '2018-07-11', 37, NULL),
(1818, 2, NULL, '2018-07-10', 36, NULL),
(1819, 2, NULL, '2018-07-12', 37, NULL),
(1820, 2, NULL, '2018-07-13', 37, NULL),
(1821, 2, NULL, '2018-07-14', 38, NULL),
(1822, 2, NULL, '2018-07-15', 38, NULL),
(1823, 2, NULL, '2018-07-16', 39, NULL),
(1824, 2, NULL, '2018-07-17', 41, NULL),
(1825, 2, NULL, '2018-07-18', 41, NULL),
(1826, 2, NULL, '2018-07-19', 42, NULL),
(1827, 2, NULL, '2018-07-20', 43, NULL),
(1828, 2, NULL, '2018-07-23', 45, NULL),
(1829, 2, NULL, '2018-07-24', 46, NULL),
(1830, 2, NULL, '2018-07-25', 47, NULL),
(1831, 2, NULL, '2018-07-29', 50, NULL),
(1832, 2, NULL, '2018-07-30', 51, NULL),
(1833, 2, NULL, '2018-07-31', 51, NULL),
(1834, 2, NULL, '2018-08-01', 52, NULL),
(1835, 2, NULL, '2018-08-02', 53, NULL),
(1836, 2, NULL, '2018-08-03', 53, NULL),
(1837, 2, NULL, '2018-08-05', 54, NULL),
(1838, 2, NULL, '2018-08-06', 55, NULL),
(1839, 2, NULL, '2018-08-07', 56, NULL),
(1840, 2, NULL, '2018-08-08', 56, NULL),
(1841, 2, NULL, '2018-08-09', 57, NULL),
(1842, 2, NULL, '2018-08-10', 57, NULL),
(1843, 2, NULL, '2018-08-12', 58, NULL),
(1844, 2, NULL, '2018-08-13', 59, NULL),
(1845, 2, NULL, '2018-08-14', 60, NULL),
(1846, 2, NULL, '2018-08-15', 60, NULL),
(1847, 2, NULL, '2018-08-16', 61, NULL),
(1848, 2, NULL, '2018-08-17', 61, NULL),
(1849, 2, NULL, '2018-08-21', 64, NULL),
(1850, 2, NULL, '2018-08-22', 64, NULL),
(1851, 2, NULL, '2018-08-23', 64, NULL),
(1852, 2, NULL, '2018-08-24', 65, NULL),
(1853, 2, NULL, '2018-08-26', 66, NULL),
(1854, 2, NULL, '2018-08-27', 67, NULL),
(1855, 2, NULL, '2018-08-28', 67, NULL),
(1856, 2, NULL, '2018-08-29', 67, NULL),
(1857, 2, NULL, '2018-09-02', 70, NULL),
(1858, 2, NULL, '2018-09-01', 69, NULL),
(1859, 2, NULL, '2018-09-03', 70, NULL),
(1860, 2, NULL, '2018-09-04', 71, NULL),
(1861, 2, NULL, '2018-09-05', 71, NULL),
(1862, 2, NULL, '2018-09-06', 71, NULL),
(1863, 2, NULL, '2018-09-07', 72, NULL),
(1864, 2, NULL, '2018-09-09', 73, NULL),
(1865, 2, NULL, '2018-09-10', 73, NULL),
(1866, 2, NULL, '2018-09-12', 75, NULL),
(1867, 2, NULL, '2018-09-13', 76, NULL),
(1868, 2, NULL, '2018-09-14', 77, NULL),
(1869, 2, NULL, '2018-09-16', 78, NULL),
(1870, 2, NULL, '2018-09-17', 79, NULL),
(1871, 2, NULL, '2018-09-18', 79, NULL),
(1872, 2, NULL, '2018-09-19', 80, NULL),
(1873, 2, NULL, '2018-09-20', 80, NULL),
(1874, 2, NULL, '2018-09-21', 81, NULL),
(1875, 2, NULL, '2018-09-23', 82, NULL),
(1876, 2, NULL, '2018-09-24', 83, NULL),
(1877, 2, NULL, '2018-09-25', 83, NULL),
(1878, 2, NULL, '2018-09-26', 84, NULL),
(1879, 2, NULL, '2018-09-27', 84, NULL),
(1880, 2, NULL, '2018-09-28', 84, NULL),
(1881, 2, NULL, '2018-09-30', 87, NULL),
(1882, 2, NULL, '2018-10-01', 87, NULL),
(1883, 2, NULL, '2018-10-02', 87, NULL),
(1884, 2, NULL, '2018-10-03', 88, NULL),
(1885, 2, NULL, '2018-10-04', 88, NULL),
(1886, 2, NULL, '2018-10-05', 89, NULL),
(1887, 2, NULL, '2018-10-10', 94, NULL),
(1888, 2, NULL, '2018-10-11', 94, NULL),
(1889, 2, NULL, '2018-10-12', 95, NULL),
(1890, 2, NULL, '2018-10-15', 97, NULL),
(1891, 2, NULL, '2018-10-16', 97, NULL),
(1892, 2, NULL, '2018-10-17', 98, NULL),
(1893, 2, NULL, '2018-10-19', 99, NULL),
(1894, 2, NULL, '2018-10-21', 101, NULL),
(1895, 2, NULL, '2018-10-24', 103, NULL),
(1896, 2, NULL, '2018-10-28', 105, NULL),
(1897, 2, NULL, '2018-10-29', 105, NULL),
(1898, 2, NULL, '2018-10-31', 105, NULL),
(1899, 2, NULL, '2018-11-08', 112, NULL),
(1900, 2, NULL, '2018-11-09', 112, NULL),
(1901, 2, NULL, '2018-11-14', 114, NULL),
(1902, 2, NULL, '2018-11-23', 121, NULL),
(1903, 2, NULL, '2018-11-26', 122, NULL),
(1904, 2, NULL, '2018-11-28', 123, NULL),
(1905, 2, NULL, '2018-11-30', 123, NULL),
(1906, 2, NULL, '2018-12-02', 123, NULL),
(1907, 2, NULL, '2018-12-03', 124, NULL),
(1908, 2, NULL, '2018-12-04', 125, NULL),
(1909, 2, NULL, '2018-12-05', 126, NULL),
(1910, 2, NULL, '2018-12-06', 126, NULL),
(1911, 2, NULL, '2018-12-07', 126, NULL),
(1912, 2, NULL, '2018-12-10', 128, NULL),
(1913, 2, NULL, '2018-12-11', 129, NULL),
(1914, 2, NULL, '2018-12-13', 130, NULL),
(1915, 2, NULL, '2018-12-14', 131, NULL),
(1916, 2, NULL, '2018-12-17', 133, NULL),
(1917, 2, NULL, '2018-12-18', 134, NULL),
(1918, 2, NULL, '2018-12-19', 135, NULL),
(1919, 2, NULL, '2018-12-20', 135, NULL),
(1920, 2, NULL, '2018-12-21', 137, NULL),
(1921, 2, NULL, '2018-12-23', 138, NULL),
(1922, 2, NULL, '2018-12-24', 139, NULL),
(1923, 2, NULL, '2018-12-27', 140, NULL),
(1924, 2, NULL, '2018-12-30', 142, NULL),
(1925, 10, NULL, '2018-05-29', 437.666, NULL),
(1926, 10, NULL, '2018-05-30', 438.59, NULL),
(1927, 10, NULL, '2018-05-31', 438.59, NULL),
(1928, 10, NULL, '2018-06-01', 440.83, NULL),
(1929, 10, NULL, '2018-06-03', 443.463, NULL),
(1930, 10, NULL, '2018-06-04', 446.691, NULL),
(1931, 10, NULL, '2018-06-05', 448.669, NULL),
(1932, 10, NULL, '2018-06-06', 450.1, NULL),
(1933, 10, NULL, '2018-06-07', 451.144, NULL),
(1934, 10, NULL, '2018-06-08', 452.392, NULL),
(1935, 10, NULL, '2018-06-10', 454.56, NULL),
(1936, 10, NULL, '2018-06-11', 459.912, NULL),
(1937, 10, NULL, '2018-06-12', 461.073, NULL),
(1938, 10, NULL, '2018-06-13', 462.345, NULL),
(1939, 10, NULL, '2018-06-14', 463.443, NULL),
(1940, 10, NULL, '2018-06-15', 464.306, NULL),
(1941, 10, NULL, '2018-06-18', 465.759, NULL),
(1942, 10, NULL, '2018-06-19', 467.145, NULL),
(1943, 10, NULL, '2018-06-20', 468.388, NULL),
(1944, 10, NULL, '2018-06-21', 469.406, NULL),
(1945, 10, NULL, '2018-06-22', 470.876, NULL),
(1946, 10, NULL, '2018-06-24', 478.401, NULL),
(1947, 10, NULL, '2018-06-25', 479.502, NULL),
(1948, 10, NULL, '2018-06-26', 483.15, NULL),
(1949, 10, NULL, '2018-06-27', 484, NULL),
(1950, 10, NULL, '2018-06-28', 485.776, NULL),
(1951, 10, NULL, '2018-06-29', 486.54, NULL),
(1952, 10, NULL, '2018-06-30', 486.915, NULL),
(1953, 10, NULL, '2018-07-01', 488.412, NULL),
(1954, 10, NULL, '2018-07-02', 488.433, NULL),
(1955, 10, NULL, '2018-07-03', 488.727, NULL),
(1956, 10, NULL, '2018-07-04', 489.116, NULL),
(1957, 10, NULL, '2018-07-05', 489.781, NULL),
(1958, 10, NULL, '2018-07-06', 491.318, NULL),
(1959, 10, NULL, '2018-07-08', 495.192, NULL),
(1960, 10, NULL, '2018-07-09', 495.963, NULL),
(1961, 10, NULL, '2018-07-10', 496.938, NULL),
(1962, 10, NULL, '2018-07-12', 498.778, NULL),
(1963, 10, NULL, '2018-07-13', 500.344, NULL),
(1964, 10, NULL, '2018-07-14', 501.896, NULL),
(1965, 10, NULL, '2018-07-15', 502.461, NULL),
(1966, 10, NULL, '2018-07-16', 502.781, NULL),
(1967, 10, NULL, '2018-07-17', 503.596, NULL),
(1968, 10, NULL, '2018-07-18', 504.616, NULL),
(1969, 10, NULL, '2018-07-19', 505.667, NULL),
(1970, 10, NULL, '2018-07-20', 506.896, NULL),
(1971, 10, NULL, '2018-07-23', 509.123, NULL),
(1972, 10, NULL, '2018-07-24', 509.637, NULL),
(1973, 10, NULL, '2018-07-25', 516.441, NULL),
(1974, 10, NULL, '2018-07-26', 517.197, NULL),
(1975, 10, NULL, '2018-07-29', 523.486, NULL),
(1976, 10, NULL, '2018-07-30', 523.554, NULL),
(1977, 10, NULL, '2018-07-31', 524.503, NULL),
(1978, 10, NULL, '2018-08-01', 525.439, NULL),
(1979, 10, NULL, '2018-08-02', 526.473, NULL),
(1980, 10, NULL, '2018-08-05', 530.202, NULL),
(1981, 10, NULL, '2018-08-06', 530.481, NULL),
(1982, 10, NULL, '2018-08-07', 531.344, NULL),
(1983, 10, NULL, '2018-08-08', 532.523, NULL),
(1984, 10, NULL, '2018-08-09', 533.499, NULL),
(1985, 10, NULL, '2018-08-10', 535.272, NULL),
(1986, 10, NULL, '2018-08-12', 537.649, NULL),
(1987, 10, NULL, '2018-08-13', 538.585, NULL),
(1988, 10, NULL, '2018-08-14', 539.776, NULL),
(1989, 10, NULL, '2018-08-15', 540.421, NULL),
(1990, 10, NULL, '2018-08-16', 541.355, NULL),
(1991, 10, NULL, '2018-08-17', 542.905, NULL),
(1992, 10, NULL, '2018-08-21', 547.245, NULL),
(1993, 10, NULL, '2018-08-22', 547.245, NULL),
(1994, 10, NULL, '2018-08-23', 549.075, NULL),
(1995, 10, NULL, '2018-08-24', 551.171, NULL),
(1996, 10, NULL, '2018-08-26', 555.679, NULL),
(1997, 10, NULL, '2018-08-27', 555.679, NULL),
(1998, 10, NULL, '2018-08-28', 555.879, NULL),
(1999, 10, NULL, '2018-08-29', 555.979, NULL),
(2000, 10, NULL, '2018-08-30', 558.231, NULL),
(2001, 10, NULL, '2018-08-31', 560.693, NULL),
(2002, 10, NULL, '2018-09-02', 569.412, NULL),
(2003, 10, NULL, '2018-09-01', 566.342, NULL),
(2004, 10, NULL, '2018-09-03', 569.553, NULL),
(2005, 10, NULL, '2018-09-04', 571.462, NULL),
(2006, 10, NULL, '2018-09-05', 572.882, NULL),
(2007, 10, NULL, '2018-09-06', 575.224, NULL),
(2008, 10, NULL, '2018-09-07', 579.163, NULL),
(2009, 10, NULL, '2018-09-09', 596.684, NULL),
(2010, 10, NULL, '2018-09-10', 598.468, NULL),
(2011, 10, NULL, '2018-09-12', 602.033, NULL),
(2012, 10, NULL, '2018-09-13', 615.733, NULL),
(2013, 10, NULL, '2018-09-14', 619.771, NULL),
(2014, 10, NULL, '2018-09-16', 621.914, NULL),
(2015, 10, NULL, '2018-09-17', 630.036, NULL),
(2016, 10, NULL, '2018-09-18', 633.379, NULL),
(2017, 10, NULL, '2018-09-19', 638.785, NULL),
(2018, 10, NULL, '2018-09-20', 643.311, NULL),
(2019, 10, NULL, '2018-09-21', 646.901, NULL),
(2020, 10, NULL, '2018-09-23', 663.141, NULL),
(2021, 10, NULL, '2018-09-24', 663.143, NULL),
(2022, 10, NULL, '2018-09-25', 668.224, NULL),
(2023, 10, NULL, '2018-09-26', 668.224, NULL),
(2024, 10, NULL, '2018-09-27', 675.157, NULL),
(2025, 10, NULL, '2018-09-28', 677.377, NULL),
(2026, 10, NULL, '2018-09-30', 687.155, NULL),
(2027, 10, NULL, '2018-10-02', 697.193, NULL),
(2028, 10, NULL, '2018-10-03', 702.771, NULL),
(2029, 10, NULL, '2018-10-04', 710.589, NULL),
(2030, 10, NULL, '2018-10-05', 716.36, NULL),
(2031, 10, NULL, '2018-10-07', 725.717, NULL),
(2032, 10, NULL, '2018-10-08', 729.66, NULL),
(2033, 10, NULL, '2018-10-09', 736.101, NULL),
(2034, 10, NULL, '2018-10-10', 743.136, NULL),
(2035, 10, NULL, '2018-10-11', 744.168, NULL),
(2036, 10, NULL, '2018-10-12', 748.446, NULL),
(2037, 10, NULL, '2018-10-15', 751.709, NULL),
(2038, 10, NULL, '2018-10-16', 763.814, NULL),
(2039, 10, NULL, '2018-10-17', 765.309, NULL),
(2040, 10, NULL, '2018-10-19', 769.272, NULL),
(2041, 10, NULL, '2018-10-21', 775.111, NULL),
(2042, 10, NULL, '2018-10-24', 782.079, NULL),
(2043, 10, NULL, '2018-10-28', 788.532, NULL),
(2044, 10, NULL, '2018-10-29', 788.726, NULL),
(2045, 10, NULL, '2018-10-31', 791, NULL),
(2046, 10, NULL, '2018-11-08', 801.446, NULL),
(2047, 10, NULL, '2018-11-09', 806.865, NULL),
(2048, 10, NULL, '2018-11-23', 944.836, NULL),
(2049, 10, NULL, '2018-11-26', 944.836, NULL),
(2050, 10, NULL, '2018-11-28', 944.836, NULL),
(2051, 10, NULL, '2018-11-30', 944.836, NULL),
(2052, 10, NULL, '2018-12-02', 944.836, NULL),
(2053, 10, NULL, '2018-12-03', 944.836, NULL),
(2054, 10, NULL, '2018-12-04', 944.836, NULL),
(2055, 10, NULL, '2018-12-05', 944.836, NULL),
(2056, 10, NULL, '2018-12-06', 944.836, NULL),
(2057, 10, NULL, '2018-12-07', 944.836, NULL),
(2058, 10, NULL, '2018-12-10', 944.836, NULL),
(2059, 10, NULL, '2018-12-11', 944.836, NULL),
(2060, 10, NULL, '2018-12-13', 952.324, NULL),
(2061, 10, NULL, '2018-12-14', 955.872, NULL),
(2062, 10, NULL, '2018-12-17', 964.875, NULL),
(2063, 10, NULL, '2018-12-18', 968.227, NULL),
(2064, 10, NULL, '2018-12-19', 972.739, NULL),
(2065, 10, NULL, '2018-12-20', 972.759, NULL),
(2066, 10, NULL, '2018-12-21', 982.807, NULL),
(2067, 10, NULL, '2018-12-23', 989.218, NULL),
(2068, 10, NULL, '2018-12-24', 995.079, NULL),
(2069, 10, NULL, '2018-12-27', 1009.338, NULL),
(2070, 10, NULL, '2018-12-30', 1018.657, NULL),
(2071, 1, NULL, '2018-05-28', 0, NULL),
(2072, 1, NULL, '2018-05-29', 0, NULL),
(2073, 1, NULL, '2018-05-30', 2, NULL),
(2074, 1, NULL, '2018-05-31', 2, NULL),
(2075, 1, NULL, '2018-06-01', 2, NULL),
(2076, 1, NULL, '2018-06-03', 2, NULL),
(2077, 1, NULL, '2018-06-04', 2, NULL),
(2078, 1, NULL, '2018-06-05', 2, NULL),
(2079, 1, NULL, '2018-06-06', 2, NULL),
(2080, 1, NULL, '2018-06-07', 2, NULL),
(2081, 1, NULL, '2018-06-08', 2, NULL),
(2082, 1, NULL, '2018-06-10', 2, NULL),
(2083, 1, NULL, '2018-06-11', 2, NULL),
(2084, 1, NULL, '2018-06-12', 2, NULL),
(2085, 1, NULL, '2018-06-13', 2, NULL),
(2086, 1, NULL, '2018-06-14', 2, NULL),
(2087, 1, NULL, '2018-06-15', 2, NULL),
(2088, 1, NULL, '2018-06-18', 2, NULL),
(2089, 1, NULL, '2018-06-19', 2, NULL),
(2090, 1, NULL, '2018-06-20', 2, NULL),
(2091, 1, NULL, '2018-06-21', 2, NULL),
(2092, 1, NULL, '2018-06-22', 2, NULL),
(2093, 1, NULL, '2018-06-24', 2, NULL),
(2094, 1, NULL, '2018-06-25', 2, NULL),
(2095, 1, NULL, '2018-06-26', 4, NULL),
(2096, 1, NULL, '2018-06-27', 4, NULL),
(2097, 1, NULL, '2018-06-28', 4, NULL),
(2098, 1, NULL, '2018-06-29', 4, NULL),
(2099, 1, NULL, '2018-06-30', 5, NULL),
(2100, 1, NULL, '2018-08-24', 16, NULL),
(2101, 1, NULL, '2018-07-01', 5, NULL),
(2102, 1, NULL, '2018-07-02', 5, NULL),
(2103, 1, NULL, '2018-07-03', 5, NULL),
(2104, 1, NULL, '2018-07-04', 5, NULL),
(2105, 1, NULL, '2018-07-05', 5, NULL),
(2106, 1, NULL, '2018-07-06', 6, NULL),
(2107, 1, NULL, '2018-07-08', 6, NULL),
(2108, 1, NULL, '2018-07-09', 6, NULL),
(2109, 1, NULL, '2018-07-11', 7, NULL),
(2110, 1, NULL, '2018-07-10', 6, NULL),
(2111, 1, NULL, '2018-07-12', 7, NULL),
(2112, 1, NULL, '2018-07-13', 7, NULL),
(2113, 1, NULL, '2018-07-14', 8, NULL),
(2114, 1, NULL, '2018-07-15', 8, NULL),
(2115, 1, NULL, '2018-07-16', 9, NULL),
(2116, 1, NULL, '2018-07-17', 10, NULL),
(2117, 1, NULL, '2018-07-18', 10, NULL),
(2118, 1, NULL, '2018-07-19', 10, NULL),
(2119, 1, NULL, '2018-07-20', 10, NULL),
(2120, 1, NULL, '2018-07-23', 10, NULL),
(2121, 1, NULL, '2018-07-24', 10, NULL),
(2122, 1, NULL, '2018-07-25', 10, NULL),
(2123, 1, NULL, '2018-07-29', 10, NULL),
(2124, 1, NULL, '2018-07-30', 11, NULL),
(2125, 1, NULL, '2018-07-31', 11, NULL),
(2126, 1, NULL, '2018-08-01', 11, NULL),
(2127, 1, NULL, '2018-08-02', 11, NULL),
(2128, 1, NULL, '2018-08-03', 11, NULL),
(2129, 1, NULL, '2018-08-05', 12, NULL),
(2130, 1, NULL, '2018-08-06', 12, NULL),
(2131, 1, NULL, '2018-08-07', 12, NULL),
(2132, 1, NULL, '2018-08-08', 13, NULL),
(2133, 1, NULL, '2018-08-09', 13, NULL),
(2134, 1, NULL, '2018-08-10', 13, NULL),
(2135, 1, NULL, '2018-08-12', 13, NULL),
(2136, 1, NULL, '2018-08-13', 14, NULL),
(2137, 1, NULL, '2018-08-14', 14, NULL),
(2138, 1, NULL, '2018-08-15', 14, NULL),
(2139, 1, NULL, '2018-08-16', 14, NULL),
(2140, 1, NULL, '2018-08-17', 14, NULL),
(2141, 1, NULL, '2018-08-21', 15, NULL),
(2142, 1, NULL, '2018-08-22', 15, NULL),
(2143, 1, NULL, '2018-08-23', 15, NULL),
(2144, 1, NULL, '2018-08-26', 16, NULL),
(2145, 1, NULL, '2018-08-27', 16, NULL),
(2146, 1, NULL, '2018-08-28', 16, NULL),
(2147, 1, NULL, '2018-08-29', 16, NULL),
(2148, 1, NULL, '2018-08-31', 17, NULL),
(2149, 1, NULL, '2018-08-30', 17, NULL),
(2150, 1, NULL, '2018-09-02', 17, NULL),
(2151, 1, NULL, '2018-09-01', 17, NULL),
(2152, 1, NULL, '2018-09-03', 17, NULL),
(2153, 1, NULL, '2018-09-04', 18, NULL),
(2154, 1, NULL, '2018-09-05', 18, NULL),
(2155, 1, NULL, '2018-09-06', 18, NULL),
(2156, 1, NULL, '2018-09-07', 18, NULL),
(2157, 1, NULL, '2018-09-09', 19, NULL),
(2158, 1, NULL, '2018-09-10', 19, NULL),
(2159, 1, NULL, '2018-09-12', 20, NULL),
(2160, 1, NULL, '2018-09-13', 20, NULL),
(2161, 1, NULL, '2018-09-14', 20, NULL),
(2162, 1, NULL, '2018-09-16', 21, NULL),
(2163, 1, NULL, '2018-09-17', 21, NULL),
(2164, 1, NULL, '2018-09-18', 21, NULL),
(2165, 1, NULL, '2018-09-19', 21, NULL),
(2166, 1, NULL, '2018-09-20', 22, NULL),
(2167, 1, NULL, '2018-09-23', 22, NULL),
(2168, 1, NULL, '2018-09-21', 22, NULL),
(2169, 1, NULL, '2018-09-24', 23, NULL),
(2170, 1, NULL, '2018-09-25', 23, NULL),
(2171, 1, NULL, '2018-09-26', 23, NULL),
(2172, 1, NULL, '2018-09-27', 24, NULL),
(2173, 1, NULL, '2018-09-28', 24, NULL),
(2174, 1, NULL, '2018-09-30', 24, NULL),
(2175, 1, NULL, '2018-10-01', 25, NULL),
(2176, 1, NULL, '2018-10-02', 25, NULL),
(2177, 1, NULL, '2018-10-03', 25, NULL),
(2178, 1, NULL, '2018-10-04', 26, NULL),
(2179, 1, NULL, '2018-10-05', 26, NULL),
(2180, 1, NULL, '2018-10-07', 27, NULL),
(2181, 1, NULL, '2018-10-08', 28, NULL),
(2182, 1, NULL, '2018-10-09', 28, NULL),
(2183, 1, NULL, '2018-10-10', 28, NULL),
(2184, 1, NULL, '2018-10-11', 28, NULL),
(2185, 1, NULL, '2018-10-12', 28, NULL),
(2186, 1, NULL, '2018-10-16', 28, NULL),
(2187, 1, NULL, '2018-10-15', 28, NULL),
(2188, 1, NULL, '2018-10-17', 29, NULL),
(2189, 1, NULL, '2018-10-19', 29, NULL),
(2190, 1, NULL, '2018-10-21', 30, NULL),
(2191, 1, NULL, '2018-10-24', 31, NULL),
(2192, 1, NULL, '2018-10-28', 32, NULL),
(2193, 1, NULL, '2018-10-29', 32, NULL),
(2194, 1, NULL, '2018-10-31', 34, NULL),
(2195, 1, NULL, '2018-11-08', 38, NULL),
(2196, 1, NULL, '2018-11-09', 39, NULL),
(2197, 1, NULL, '2018-11-14', 41, NULL),
(2198, 1, NULL, '2018-11-23', 45, NULL),
(2199, 1, NULL, '2018-11-26', 46, NULL),
(2200, 1, NULL, '2018-11-28', 47, NULL),
(2201, 1, NULL, '2018-11-30', 48, NULL),
(2202, 1, NULL, '2018-12-02', 49, NULL),
(2203, 1, NULL, '2018-12-03', 50, NULL),
(2204, 1, NULL, '2018-12-04', 50, NULL),
(2205, 1, NULL, '2018-12-05', 51, NULL),
(2206, 1, NULL, '2018-12-06', 51, NULL),
(2207, 1, NULL, '2018-12-07', 51, NULL),
(2208, 1, NULL, '2018-12-10', 52, NULL),
(2209, 1, NULL, '2018-12-11', 53, NULL),
(2210, 1, NULL, '2018-12-13', 55, NULL),
(2211, 1, NULL, '2018-12-14', 55, NULL),
(2212, 1, NULL, '2018-12-17', 55, NULL),
(2213, 1, NULL, '2018-12-18', 56, NULL),
(2214, 1, NULL, '2018-12-19', 56, NULL),
(2215, 1, NULL, '2018-12-20', 56, NULL),
(2216, 1, NULL, '2018-12-21', 57, NULL),
(2217, 1, NULL, '2018-12-23', 57, NULL),
(2218, 1, NULL, '2018-12-24', 57, NULL),
(2219, 1, NULL, '2018-12-27', 57, NULL),
(2220, 1, NULL, '2018-12-30', 58, NULL),
(2221, 17, NULL, '2018-04-30', 85, NULL),
(2222, 17, NULL, '2018-05-01', 87, NULL),
(2223, 17, NULL, '2018-05-02', 88, NULL),
(2224, 17, NULL, '2018-05-03', 89, NULL),
(2225, 17, NULL, '2018-05-04', 90, NULL),
(2226, 17, NULL, '2018-05-07', 93, NULL),
(2227, 17, NULL, '2018-05-08', 94, NULL),
(2228, 17, NULL, '2018-05-09', 95, NULL),
(2229, 17, NULL, '2018-05-11', 95, NULL),
(2230, 17, NULL, '2018-05-10', 99.45, NULL),
(2231, 17, NULL, '2018-05-14', 100, NULL),
(2232, 17, NULL, '2018-05-15', 101, NULL),
(2233, 17, NULL, '2018-05-16', 101, NULL),
(2234, 17, NULL, '2018-05-17', 102, NULL),
(2235, 17, NULL, '2018-05-18', 103, NULL),
(2236, 17, NULL, '2018-05-21', 106, NULL),
(2237, 17, NULL, '2018-05-22', 107, NULL),
(2238, 17, NULL, '2018-05-23', 108, NULL),
(2239, 17, NULL, '2018-05-24', 108, NULL),
(2240, 17, NULL, '2018-05-25', 109, NULL),
(2241, 19, NULL, '2018-04-30', 79.85, NULL),
(2242, 19, NULL, '2018-05-01', 80, NULL),
(2243, 19, NULL, '2018-05-02', 83, NULL),
(2244, 19, NULL, '2018-05-03', 85, NULL),
(2245, 19, NULL, '2018-05-04', 86, NULL),
(2246, 19, NULL, '2018-05-07', 88, NULL),
(2247, 19, NULL, '2018-05-08', 89, NULL),
(2248, 19, NULL, '2018-05-09', 89, NULL),
(2249, 19, NULL, '2018-05-11', 90, NULL),
(2250, 19, NULL, '2018-05-10', 92, NULL),
(2251, 19, NULL, '2018-05-14', 92, NULL),
(2252, 19, NULL, '2018-05-15', 90.23, NULL),
(2253, 19, NULL, '2018-05-16', 95.34, NULL),
(2254, 19, NULL, '2018-05-17', 95.85, NULL),
(2255, 19, NULL, '2018-05-18', 95.88, NULL),
(2256, 19, NULL, '2018-05-21', 94, NULL),
(2257, 19, NULL, '2018-05-22', 95, NULL),
(2258, 19, NULL, '2018-05-23', 98, NULL),
(2259, 19, NULL, '2018-05-24', 98, NULL),
(2260, 19, NULL, '2018-05-25', 98, NULL),
(2261, 16, NULL, '2018-04-30', 568.458, NULL),
(2262, 16, NULL, '2018-05-01', 569.4584, NULL),
(2263, 16, NULL, '2018-05-02', 568.4584, NULL),
(2264, 16, NULL, '2018-05-03', 568.4584, NULL),
(2265, 16, NULL, '2018-05-04', 568.4584, NULL),
(2266, 16, NULL, '2018-05-07', 568.4584, NULL),
(2267, 16, NULL, '2018-05-08', 568.458, NULL),
(2268, 16, NULL, '2018-05-09', 568.458, NULL),
(2269, 16, NULL, '2018-05-11', 568.458, NULL),
(2270, 16, NULL, '2018-05-10', 568.458, NULL),
(2271, 16, NULL, '2018-05-14', 568.458, NULL),
(2272, 16, NULL, '2018-05-15', 568.458, NULL),
(2273, 16, NULL, '2018-05-16', 568.458, NULL),
(2274, 16, NULL, '2018-05-17', 568.458, NULL),
(2275, 16, NULL, '2018-05-18', 568.458, NULL),
(2276, 16, NULL, '2018-05-21', 568.458, NULL),
(2277, 16, NULL, '2018-05-22', 568.458, NULL),
(2278, 16, NULL, '2018-05-23', 568.458, NULL),
(2279, 16, NULL, '2018-05-24', 568.458, NULL),
(2280, 16, NULL, '2018-05-25', 568.458, NULL),
(2281, 4, NULL, '2018-04-30', 71.3396, NULL),
(2282, 4, NULL, '2018-05-01', 71.3569, NULL),
(2283, 4, NULL, '2018-05-02', 71.358, NULL),
(2284, 4, NULL, '2018-05-03', 71.3816, NULL),
(2285, 4, NULL, '2018-05-04', 71.398, NULL),
(2286, 4, NULL, '2018-05-07', 71.473, NULL),
(2287, 4, NULL, '2018-05-08', 71.485, NULL),
(2288, 4, NULL, '2018-05-09', 71.554, NULL),
(2289, 4, NULL, '2018-05-11', 71.634, NULL),
(2290, 4, NULL, '2018-05-10', 71.59, NULL),
(2291, 4, NULL, '2018-05-14', 71.688, NULL),
(2292, 4, NULL, '2018-05-15', 71.717, NULL),
(2293, 4, NULL, '2018-05-16', 71.729, NULL),
(2294, 4, NULL, '2018-05-17', 71.809, NULL),
(2295, 4, NULL, '2018-05-18', 71.878, NULL),
(2296, 4, NULL, '2018-05-21', 71.932, NULL),
(2297, 4, NULL, '2018-05-22', 71.987, NULL),
(2298, 4, NULL, '2018-05-23', 72.018, NULL),
(2299, 4, NULL, '2018-05-24', 72.073, NULL),
(2300, 4, NULL, '2018-05-25', 72.095, NULL),
(2301, 4, NULL, '2018-05-28', 72.268, NULL),
(2302, 4, NULL, '2018-05-29', 72.317, NULL),
(2303, 4, NULL, '2018-05-30', 72.354, NULL),
(2304, 4, NULL, '2018-05-31', 72.416, NULL),
(2305, 4, NULL, '2018-06-01', 72.537, NULL),
(2306, 4, NULL, '2018-06-03', 72.544, NULL),
(2307, 4, NULL, '2018-06-04', 72.544, NULL),
(2308, 4, NULL, '2018-06-05', 72.55, NULL),
(2309, 4, NULL, '2018-06-06', 72.554, NULL),
(2310, 4, NULL, '2018-06-07', 72.569, NULL),
(2311, 4, NULL, '2018-06-08', 72.592, NULL),
(2312, 4, NULL, '2018-06-10', 72.686, NULL),
(2313, 4, NULL, '2018-06-11', 72.69, NULL),
(2314, 4, NULL, '2018-06-12', 72.751, NULL),
(2315, 4, NULL, '2018-06-13', 72.786, NULL),
(2316, 4, NULL, '2018-06-14', 72.831, NULL),
(2317, 4, NULL, '2018-06-15', 72.858, NULL),
(2318, 4, NULL, '2018-06-18', 72.891, NULL),
(2319, 4, NULL, '2018-06-19', 72.938, NULL),
(2320, 4, NULL, '2018-06-20', 72.99, NULL),
(2321, 4, NULL, '2018-06-21', 73.031, NULL),
(2322, 4, NULL, '2018-06-22', 73.064, NULL),
(2323, 4, NULL, '2018-06-24', 73.064, NULL),
(2324, 4, NULL, '2018-06-25', 73.123, NULL),
(2325, 4, NULL, '2018-06-26', 73.132, NULL),
(2326, 4, NULL, '2018-06-27', 73.148, NULL),
(2327, 4, NULL, '2018-06-28', 73.226, NULL),
(2328, 4, NULL, '2018-06-29', 73.229, NULL),
(2329, 4, NULL, '2018-06-30', 73.243, NULL),
(2330, 4, NULL, '2018-07-01', 73.244, NULL),
(2331, 4, NULL, '2018-07-02', 73.244, NULL),
(2332, 4, NULL, '2018-07-03', 73.264, NULL),
(2333, 4, NULL, '2018-07-04', 73.316, NULL),
(2334, 4, NULL, '2018-07-05', 73.353, NULL),
(2335, 4, NULL, '2018-07-06', 73.407, NULL),
(2336, 4, NULL, '2018-07-08', 73.443, NULL),
(2337, 4, NULL, '2018-07-09', 73.453, NULL),
(2338, 4, NULL, '2018-07-11', 73.5351, NULL),
(2339, 4, NULL, '2018-07-10', 73.492, NULL),
(2340, 4, NULL, '2018-07-12', 73.5351, NULL),
(2341, 4, NULL, '2018-07-13', 73.68, NULL),
(2342, 4, NULL, '2018-07-14', 73.712, NULL),
(2343, 4, NULL, '2018-07-15', 73.717, NULL),
(2344, 4, NULL, '2018-07-16', 73.717, NULL),
(2345, 4, NULL, '2018-07-17', 73.789, NULL),
(2346, 4, NULL, '2018-07-18', 73.823, NULL),
(2347, 4, NULL, '2018-07-19', 73.877, NULL),
(2348, 4, NULL, '2018-07-20', 73.922, NULL),
(2349, 4, NULL, '2018-07-23', 73.978, NULL),
(2350, 4, NULL, '2018-07-24', 74.022, NULL),
(2351, 4, NULL, '2018-07-25', 74.093, NULL),
(2352, 4, NULL, '2018-07-26', 74.137, NULL),
(2353, 4, NULL, '2018-07-29', 74.257, NULL),
(2354, 4, NULL, '2018-07-30', 74.257, NULL),
(2355, 4, NULL, '2018-07-31', 74.313, NULL),
(2356, 4, NULL, '2018-08-01', 74.347, NULL),
(2357, 4, NULL, '2018-08-02', 74.388, NULL),
(2358, 4, NULL, '2018-08-03', 74.401, NULL),
(2359, 4, NULL, '2018-08-05', 74.484, NULL),
(2360, 4, NULL, '2018-08-06', 74.487, NULL),
(2361, 4, NULL, '2018-08-07', 74.533, NULL),
(2362, 4, NULL, '2018-08-08', 74.566, NULL),
(2363, 4, NULL, '2018-08-09', 74.634, NULL),
(2364, 4, NULL, '2018-08-10', 74.714, NULL),
(2365, 4, NULL, '2018-08-12', 74.784, NULL),
(2366, 4, NULL, '2018-08-13', 74.804, NULL),
(2367, 4, NULL, '2018-08-14', 74.837, NULL),
(2368, 4, NULL, '2018-08-15', 74.873, NULL),
(2369, 4, NULL, '2018-08-16', 74.951, NULL);
INSERT INTO `wreading` (`wreading`, `wmeter`, `invoice`, `date`, `value`, `remark`) VALUES
(2370, 4, NULL, '2018-08-17', 74.951, NULL),
(2371, 4, NULL, '2018-08-21', 75.076, NULL),
(2372, 4, NULL, '2018-08-22', 75.076, NULL),
(2373, 4, NULL, '2018-08-23', 75.094, NULL),
(2374, 4, NULL, '2018-08-24', 75.142, NULL),
(2375, 4, NULL, '2018-08-26', 75.198, NULL),
(2376, 4, NULL, '2018-08-27', 75.224, NULL),
(2377, 4, NULL, '2018-08-28', 75.224, NULL),
(2378, 4, NULL, '2018-08-29', 75.224, NULL),
(2379, 4, NULL, '2018-08-30', 75.322, NULL),
(2380, 4, NULL, '2018-09-02', 75.444, NULL),
(2381, 4, NULL, '2018-09-01', 75.398, NULL),
(2382, 4, NULL, '2018-09-03', 75.448, NULL),
(2383, 4, NULL, '2018-09-04', 75.498, NULL),
(2384, 4, NULL, '2018-09-05', 75.553, NULL),
(2385, 4, NULL, '2018-09-06', 75.605, NULL),
(2386, 4, NULL, '2018-09-07', 75.65, NULL),
(2387, 4, NULL, '2018-09-09', 75.738, NULL),
(2388, 4, NULL, '2018-09-10', 75.741, NULL),
(2389, 4, NULL, '2018-09-12', 75.804, NULL),
(2390, 4, NULL, '2018-09-13', 75.841, NULL),
(2391, 4, NULL, '2018-09-14', 75.877, NULL),
(2392, 4, NULL, '2018-09-16', 75.929, NULL),
(2393, 4, NULL, '2018-09-17', 75.929, NULL),
(2394, 4, NULL, '2018-09-18', 75.961, NULL),
(2395, 4, NULL, '2018-09-19', 76.007, NULL),
(2396, 4, NULL, '2018-09-20', 76.047, NULL),
(2397, 4, NULL, '2018-09-21', 76.083, NULL),
(2398, 4, NULL, '2018-09-23', 76.126, NULL),
(2399, 4, NULL, '2018-09-24', 76.126, NULL),
(2400, 4, NULL, '2018-09-25', 76.166, NULL),
(2401, 4, NULL, '2018-09-26', 76.197, NULL),
(2402, 4, NULL, '2018-09-27', 76.244, NULL),
(2403, 4, NULL, '2018-09-28', 76.275, NULL),
(2404, 4, NULL, '2018-09-30', 76.411, NULL),
(2405, 4, NULL, '2018-10-01', 76.413, NULL),
(2406, 4, NULL, '2018-10-02', 76.48, NULL),
(2407, 4, NULL, '2018-10-03', 76.526, NULL),
(2408, 4, NULL, '2018-10-04', 76.56, NULL),
(2409, 4, NULL, '2018-10-05', 76.614, NULL),
(2410, 4, NULL, '2018-10-07', 76.722, NULL),
(2411, 4, NULL, '2018-10-08', 76.727, NULL),
(2412, 4, NULL, '2018-10-09', 76.752, NULL),
(2413, 4, NULL, '2018-10-10', 76.845, NULL),
(2414, 4, NULL, '2018-10-11', 76.845, NULL),
(2415, 4, NULL, '2018-10-12', 76.902, NULL),
(2416, 4, NULL, '2018-10-15', 76.978, NULL),
(2417, 4, NULL, '2018-10-16', 77, NULL),
(2418, 4, NULL, '2018-10-17', 77.045, NULL),
(2419, 4, NULL, '2018-10-19', 77.127, NULL),
(2420, 4, NULL, '2018-10-21', 77.149, NULL),
(2421, 4, NULL, '2018-10-24', 77.265, NULL),
(2422, 4, NULL, '2018-10-28', 77.403, NULL),
(2423, 4, NULL, '2018-10-29', 77.407, NULL),
(2424, 4, NULL, '2018-10-31', 77.502, NULL),
(2425, 4, NULL, '2018-11-08', 77.849, NULL),
(2426, 4, NULL, '2018-11-09', 77.919, NULL),
(2427, 4, NULL, '2018-11-14', 78.899, NULL),
(2428, 4, NULL, '2018-11-23', 78.899, NULL),
(2429, 4, NULL, '2018-11-26', 78.899, NULL),
(2430, 4, NULL, '2018-11-28', 78.899, NULL),
(2431, 4, NULL, '2018-11-30', 78.899, NULL),
(2432, 4, NULL, '2018-12-02', 78.899, NULL),
(2433, 4, NULL, '2018-12-03', 78.899, NULL),
(2434, 4, NULL, '2018-12-04', 78.899, NULL),
(2435, 4, NULL, '2018-12-05', 78.899, NULL),
(2436, 4, NULL, '2018-12-06', 78.899, NULL),
(2437, 4, NULL, '2018-12-07', 78.899, NULL),
(2438, 4, NULL, '2018-12-10', 78.899, NULL),
(2439, 4, NULL, '2018-12-11', 78.899, NULL),
(2440, 4, NULL, '2018-12-13', 78.899, NULL),
(2441, 4, NULL, '2018-12-14', 78.899, NULL),
(2442, 4, NULL, '2018-12-17', 78.954, NULL),
(2443, 4, NULL, '2018-12-18', 78.968, NULL),
(2444, 4, NULL, '2018-12-19', 79.035, NULL),
(2445, 4, NULL, '2018-12-20', 79.035, NULL),
(2446, 4, NULL, '2018-12-21', 79.137, NULL),
(2447, 4, NULL, '2018-12-23', 79.182, NULL),
(2448, 4, NULL, '2018-12-24', 79.182, NULL),
(2449, 4, NULL, '2018-12-27', 79.2, NULL),
(2450, 4, NULL, '2018-12-30', 79.317, NULL),
(2451, 14, NULL, '2018-06-28', 9.424, NULL),
(2452, 14, NULL, '2018-06-29', 10.595, NULL),
(2453, 14, NULL, '2018-06-30', 22.062, NULL),
(2454, 14, NULL, '2018-07-01', 33.224, NULL),
(2455, 14, NULL, '2018-07-02', 40.178, NULL),
(2456, 14, NULL, '2018-07-03', 42.561, NULL),
(2457, 14, NULL, '2018-07-04', 49.704, NULL),
(2458, 14, NULL, '2018-07-05', 54.778, NULL),
(2459, 14, NULL, '2018-07-06', 64.661, NULL),
(2460, 14, NULL, '2018-07-08', 82.567, NULL),
(2461, 14, NULL, '2018-07-09', 88.471, NULL),
(2462, 14, NULL, '2018-07-11', 96.943, NULL),
(2463, 14, NULL, '2018-07-10', 92.015, NULL),
(2464, 14, NULL, '2018-07-12', 105.68, NULL),
(2465, 14, NULL, '2018-07-14', 122.9, NULL),
(2466, 14, NULL, '2018-07-15', 129.432, NULL),
(2467, 14, NULL, '2018-07-16', 135.264, NULL),
(2468, 14, NULL, '2018-07-17', 143.558, NULL),
(2469, 14, NULL, '2018-07-18', 147.401, NULL),
(2470, 14, NULL, '2018-07-19', 155.561, NULL),
(2471, 14, NULL, '2018-07-20', 160.93, NULL),
(2472, 14, NULL, '2018-07-23', 176.838, NULL),
(2473, 14, NULL, '2018-07-24', 181.155, NULL),
(2474, 14, NULL, '2018-07-25', 192.965, NULL),
(2475, 14, NULL, '2018-07-26', 193.995, NULL),
(2476, 14, NULL, '2018-07-27', 199.645, NULL),
(2477, 14, NULL, '2018-07-29', 217.308, NULL),
(2478, 14, NULL, '2018-07-30', 221.955, NULL),
(2479, 14, NULL, '2018-07-31', 227.551, NULL),
(2480, 14, NULL, '2018-08-01', 233.372, NULL),
(2481, 14, NULL, '2018-08-02', 238.547, NULL),
(2482, 14, NULL, '2018-08-03', 244.906, NULL),
(2483, 14, NULL, '2018-08-06', 256.953, NULL),
(2484, 14, NULL, '2018-08-05', 256.953, NULL),
(2485, 14, NULL, '2018-08-07', 268.365, NULL),
(2486, 14, NULL, '2018-08-08', 275.955, NULL),
(2487, 14, NULL, '2018-08-09', 275.955, NULL),
(2488, 14, NULL, '2018-08-10', 287.891, NULL),
(2489, 14, NULL, '2018-08-12', 297.088, NULL),
(2490, 14, NULL, '2018-08-13', 301.086, NULL),
(2491, 14, NULL, '2018-08-14', 308.293, NULL),
(2492, 14, NULL, '2018-08-15', 311.604, NULL),
(2493, 14, NULL, '2018-08-16', 322.838, NULL),
(2494, 14, NULL, '2018-08-17', 322.838, NULL),
(2495, 14, NULL, '2018-08-21', 342.558, NULL),
(2496, 14, NULL, '2018-08-22', 345.651, NULL),
(2497, 14, NULL, '2018-08-23', 353.158, NULL),
(2498, 14, NULL, '2018-08-24', 359.845, NULL),
(2499, 14, NULL, '2018-08-26', 366.255, NULL),
(2500, 14, NULL, '2018-08-27', 369.704, NULL),
(2501, 14, NULL, '2018-08-28', 379.704, NULL),
(2502, 14, NULL, '2018-08-29', 382.704, NULL),
(2503, 14, NULL, '2018-08-30', 385.925, NULL),
(2504, 14, NULL, '2018-08-31', 389.695, NULL),
(2505, 14, NULL, '2018-09-02', 413.55, NULL),
(2506, 14, NULL, '2018-09-01', 389.989, NULL),
(2507, 14, NULL, '2018-09-03', 416.458, NULL),
(2508, 14, NULL, '2018-09-04', 423.203, NULL),
(2509, 14, NULL, '2018-09-05', 427.239, NULL),
(2510, 14, NULL, '2018-09-06', 431.625, NULL),
(2511, 14, NULL, '2018-09-07', 440.869, NULL),
(2512, 14, NULL, '2018-09-09', 467.293, NULL),
(2513, 14, NULL, '2018-09-10', 467.298, NULL),
(2514, 14, NULL, '2018-09-12', 486.935, NULL),
(2515, 14, NULL, '2018-09-13', 504.842, NULL),
(2516, 14, NULL, '2018-09-14', 511.155, NULL),
(2517, 14, NULL, '2018-09-16', 535.874, NULL),
(2518, 14, NULL, '2018-09-17', 536.555, NULL),
(2519, 14, NULL, '2018-09-18', 546.995, NULL),
(2520, 14, NULL, '2018-09-19', 559.317, NULL),
(2521, 14, NULL, '2018-09-20', 567.555, NULL),
(2522, 14, NULL, '2018-09-21', 576.716, NULL),
(2523, 14, NULL, '2018-09-23', 598.298, NULL),
(2524, 14, NULL, '2018-09-24', 602.315, NULL),
(2525, 14, NULL, '2018-09-25', 611.634, NULL),
(2526, 14, NULL, '2018-09-26', 621.355, NULL),
(2527, 14, NULL, '2018-09-27', 626.899, NULL),
(2528, 14, NULL, '2018-09-28', 634.236, NULL),
(2529, 14, NULL, '2018-09-30', 652.605, NULL),
(2530, 14, NULL, '2018-10-01', 658.692, NULL),
(2531, 14, NULL, '2018-10-02', 668.589, NULL),
(2532, 14, NULL, '2018-10-03', 676.424, NULL),
(2533, 14, NULL, '2018-10-04', 687.499, NULL),
(2534, 14, NULL, '2018-10-05', 696.831, NULL),
(2535, 14, NULL, '2018-10-07', 711.385, NULL),
(2536, 14, NULL, '2018-10-08', 716.755, NULL),
(2537, 14, NULL, '2018-10-09', 729.887, NULL),
(2538, 14, NULL, '2018-10-10', 737.224, NULL),
(2539, 14, NULL, '2018-10-19', 796.023, NULL),
(2540, 14, NULL, '2018-10-21', 812.566, NULL),
(2541, 14, NULL, '2018-10-24', 829.558, NULL),
(2542, 14, NULL, '2018-10-28', 854.709, NULL),
(2543, 14, NULL, '2018-10-29', 859.021, NULL),
(2544, 14, NULL, '2018-10-31', 871.408, NULL),
(2545, 14, NULL, '2018-11-01', 883.111, NULL),
(2546, 8, NULL, '2018-04-30', 63.9, NULL),
(2547, 8, NULL, '2018-05-01', 63.9, NULL),
(2548, 8, NULL, '2018-05-02', 63.8, NULL),
(2549, 8, NULL, '2018-05-03', 63.8, NULL),
(2550, 8, NULL, '2018-05-04', 64.9, NULL),
(2551, 8, NULL, '2018-05-07', 65.9, NULL),
(2552, 8, NULL, '2018-05-08', 65.9, NULL),
(2553, 8, NULL, '2018-05-09', 65.9, NULL),
(2554, 8, NULL, '2018-05-11', 66.6, NULL),
(2555, 8, NULL, '2018-05-10', 66.8, NULL),
(2556, 8, NULL, '2018-05-14', 67.4, NULL),
(2557, 8, NULL, '2018-05-15', 67.6, NULL),
(2558, 8, NULL, '2018-05-16', 68.2, NULL),
(2559, 8, NULL, '2018-05-17', 66.7, NULL),
(2560, 8, NULL, '2018-05-18', 69.2, NULL),
(2561, 8, NULL, '2018-05-21', 69.8, NULL),
(2562, 8, NULL, '2018-05-22', 70.5, NULL),
(2563, 8, NULL, '2018-05-23', 70.8, NULL),
(2564, 8, NULL, '2018-05-24', 71.2, NULL),
(2565, 8, NULL, '2018-05-25', 71.2, NULL),
(2566, 8, NULL, '2018-05-28', 72.4, NULL),
(2567, 8, NULL, '2018-05-29', 72.4, NULL),
(2568, 8, NULL, '2018-05-30', 73.2, NULL),
(2569, 8, NULL, '2018-05-31', 73.2, NULL),
(2570, 8, NULL, '2018-06-01', 76.6, NULL),
(2571, 8, NULL, '2018-06-03', 79.6, NULL),
(2572, 8, NULL, '2018-06-04', 79.6, NULL),
(2573, 8, NULL, '2018-06-05', 80.2, NULL),
(2574, 8, NULL, '2018-06-06', 80.4, NULL),
(2575, 8, NULL, '2018-06-07', 80.4, NULL),
(2576, 8, NULL, '2018-06-08', 81.2, NULL),
(2577, 8, NULL, '2018-06-10', 83.7, NULL),
(2578, 8, NULL, '2018-06-11', 86.6, NULL),
(2579, 8, NULL, '2018-06-12', 90, NULL),
(2580, 8, NULL, '2018-06-13', 93, NULL),
(2581, 8, NULL, '2018-06-14', 93.4, NULL),
(2582, 8, NULL, '2018-06-15', 93, NULL),
(2583, 8, NULL, '2018-06-18', 105.1, NULL),
(2584, 8, NULL, '2018-06-19', 95.1, NULL),
(2585, 8, NULL, '2018-06-20', 97.7, NULL),
(2586, 8, NULL, '2018-06-21', 100.2, NULL),
(2587, 8, NULL, '2018-06-22', 102.6, NULL),
(2588, 8, NULL, '2018-06-24', 10, NULL),
(2589, 8, NULL, '2018-06-25', 10, NULL),
(2590, 8, NULL, '2018-06-26', 10, NULL),
(2591, 8, NULL, '2018-06-27', 11, NULL),
(2592, 8, NULL, '2018-06-28', 11, NULL),
(2593, 8, NULL, '2018-06-29', 11, NULL),
(2594, 8, NULL, '2018-06-30', 120.8, NULL),
(2595, 8, NULL, '2018-07-01', 122.4, NULL),
(2596, 8, NULL, '2018-07-02', 123, NULL),
(2597, 8, NULL, '2018-07-03', 125.7, NULL),
(2598, 8, NULL, '2018-07-04', 127.4, NULL),
(2599, 8, NULL, '2018-07-05', 127.4, NULL),
(2600, 8, NULL, '2018-07-06', 128.4, NULL),
(2601, 8, NULL, '2018-07-08', 128.9, NULL),
(2602, 8, NULL, '2018-07-09', 129.1, NULL),
(2603, 8, NULL, '2018-07-11', 129.9, NULL),
(2604, 8, NULL, '2018-07-10', 129.5, NULL),
(2605, 8, NULL, '2018-07-12', 130.4, NULL),
(2606, 8, NULL, '2018-07-13', 130.8, NULL),
(2607, 8, NULL, '2018-07-14', 132.4, NULL),
(2608, 8, NULL, '2018-07-15', 133.1, NULL),
(2609, 8, NULL, '2018-07-16', 135.4, NULL),
(2610, 8, NULL, '2018-07-17', 137.8, NULL),
(2611, 8, NULL, '2018-07-18', 138.7, NULL),
(2612, 8, NULL, '2018-07-19', 139.1, NULL),
(2613, 8, NULL, '2018-07-20', 139.4, NULL),
(2614, 8, NULL, '2018-07-23', 140.5, NULL),
(2615, 8, NULL, '2018-07-24', 140.8, NULL),
(2616, 8, NULL, '2018-07-25', 141.2, NULL),
(2617, 8, NULL, '2018-07-26', 141.6, NULL),
(2618, 8, NULL, '2018-07-29', 142.4, NULL),
(2619, 8, NULL, '2018-07-30', 142.6, NULL),
(2620, 8, NULL, '2018-07-31', 143.1, NULL),
(2621, 8, NULL, '2018-08-01', 143.5, NULL),
(2622, 8, NULL, '2018-08-02', 143.9, NULL),
(2623, 8, NULL, '2018-08-03', 144.5, NULL),
(2624, 8, NULL, '2018-08-05', 144.8, NULL),
(2625, 8, NULL, '2018-08-06', 145.1, NULL),
(2626, 8, NULL, '2018-08-07', 145.5, NULL),
(2627, 8, NULL, '2018-08-08', 145.6, NULL),
(2628, 8, NULL, '2018-08-09', 146.2, NULL),
(2629, 8, NULL, '2018-08-10', 146.7, NULL),
(2630, 8, NULL, '2018-08-12', 147.4, NULL),
(2631, 8, NULL, '2018-08-13', 147.5, NULL),
(2632, 8, NULL, '2018-08-14', 148.4, NULL),
(2633, 8, NULL, '2018-08-15', 148.8, NULL),
(2634, 8, NULL, '2018-08-16', 149.8, NULL),
(2635, 8, NULL, '2018-08-17', 150.2, NULL),
(2636, 8, NULL, '2018-08-21', 151.2, NULL),
(2637, 8, NULL, '2018-08-22', 151.4, NULL),
(2638, 8, NULL, '2018-08-23', 151.8, NULL),
(2639, 8, NULL, '2018-08-24', 152.3, NULL),
(2640, 8, NULL, '2018-08-26', 152.8, NULL),
(2641, 8, NULL, '2018-08-27', 153.2, NULL),
(2642, 8, NULL, '2018-08-28', 153.4, NULL),
(2643, 8, NULL, '2018-08-29', 153.8, NULL),
(2644, 8, NULL, '2018-08-30', 154.1, NULL),
(2645, 8, NULL, '2018-09-02', 155.1, NULL),
(2646, 8, NULL, '2018-09-01', 154.9, NULL),
(2647, 8, NULL, '2018-09-03', 155.3, NULL),
(2648, 8, NULL, '2018-09-04', 155.8, NULL),
(2649, 8, NULL, '2018-09-05', 156.3, NULL),
(2650, 8, NULL, '2018-09-06', 156.8, NULL),
(2651, 8, NULL, '2018-09-07', 157.2, NULL),
(2652, 8, NULL, '2018-09-09', 157.6, NULL),
(2653, 8, NULL, '2018-09-10', 157.8, NULL),
(2654, 8, NULL, '2018-09-12', 160.8, NULL),
(2655, 8, NULL, '2018-09-13', 161.1, NULL),
(2656, 8, NULL, '2018-09-14', 161.2, NULL),
(2657, 8, NULL, '2018-09-16', 162.6, NULL),
(2658, 8, NULL, '2018-09-17', 163.5, NULL),
(2659, 8, NULL, '2018-09-18', 164.2, NULL),
(2660, 8, NULL, '2018-09-19', 164.3, NULL),
(2661, 8, NULL, '2018-09-20', 164.8, NULL),
(2662, 8, NULL, '2018-09-21', 165.4, NULL),
(2663, 8, NULL, '2018-09-23', 165.9, NULL),
(2664, 8, NULL, '2018-09-24', 166.1, NULL),
(2665, 8, NULL, '2018-09-25', 166.6, NULL),
(2666, 8, NULL, '2018-09-26', 167, NULL),
(2667, 8, NULL, '2018-09-27', 168.1, NULL),
(2668, 8, NULL, '2018-09-28', 168.6, NULL),
(2669, 8, NULL, '2018-09-30', 169.1, NULL),
(2670, 8, NULL, '2018-10-01', 169.3, NULL),
(2671, 8, NULL, '2018-10-02', 169.9, NULL),
(2672, 8, NULL, '2018-10-03', 170.3, NULL),
(2673, 8, NULL, '2018-10-04', 170.8, NULL),
(2674, 8, NULL, '2018-10-05', 171.2, NULL),
(2675, 8, NULL, '2018-10-07', 171.8, NULL),
(2676, 8, NULL, '2018-10-08', 172.1, NULL),
(2677, 8, NULL, '2018-10-10', 172.8, NULL),
(2678, 8, NULL, '2018-10-11', 172.9, NULL),
(2679, 8, NULL, '2018-10-12', 173.2, NULL),
(2680, 8, NULL, '2018-10-16', 174.4, NULL),
(2681, 8, NULL, '2018-10-15', 174.1, NULL),
(2682, 8, NULL, '2018-10-17', 174.5, NULL),
(2683, 8, NULL, '2018-10-19', 175.5, NULL),
(2684, 8, NULL, '2018-10-21', 176.1, NULL),
(2685, 8, NULL, '2018-10-24', 177.4, NULL),
(2686, 8, NULL, '2018-10-28', 179.7, NULL),
(2687, 8, NULL, '2018-10-29', 179.9, NULL),
(2688, 8, NULL, '2018-10-31', 181.1, NULL),
(2689, 8, NULL, '2018-11-08', 184.3, NULL),
(2690, 8, NULL, '2018-11-09', 184.9, NULL),
(2691, 8, NULL, '2018-11-14', 186.9, NULL),
(2692, 8, NULL, '2018-11-23', 192.1, NULL),
(2693, 8, NULL, '2018-11-26', 192.8, NULL),
(2694, 8, NULL, '2018-11-28', 194.4, NULL),
(2695, 8, NULL, '2018-11-30', 195.5, NULL),
(2696, 8, NULL, '2018-12-02', 196.5, NULL),
(2697, 8, NULL, '2018-12-03', 196.7, NULL),
(2698, 8, NULL, '2018-12-04', 197.3, NULL),
(2699, 8, NULL, '2018-12-05', 197.5, NULL),
(2700, 8, NULL, '2018-12-06', 198.3, NULL),
(2701, 8, NULL, '2018-12-07', 198.8, NULL),
(2702, 8, NULL, '2018-12-10', 199.7, NULL),
(2703, 8, NULL, '2018-12-11', 200.3, NULL),
(2704, 8, NULL, '2018-12-13', 200.7, NULL),
(2705, 8, NULL, '2018-12-14', 201.3, NULL),
(2706, 8, NULL, '2018-12-17', 202.2, NULL),
(2707, 8, NULL, '2018-12-18', 202.2, NULL),
(2708, 8, NULL, '2018-12-19', 203.5, NULL),
(2709, 8, NULL, '2018-12-20', 203.7, NULL),
(2710, 8, NULL, '2018-12-21', 204.6, NULL),
(2711, 8, NULL, '2018-12-23', 205.2, NULL),
(2712, 8, NULL, '2018-12-24', 205.7, NULL),
(2713, 8, NULL, '2018-12-27', 206.2, NULL),
(2714, 8, NULL, '2018-12-30', 207.6, NULL),
(2715, 20, NULL, '2018-06-30', 11, NULL),
(2716, 20, NULL, '2018-06-22', 0, NULL),
(2717, 20, NULL, '2018-07-02', 11, NULL),
(2718, 20, NULL, '2018-07-05', 11, NULL),
(2719, 20, NULL, '2018-07-03', 11, NULL),
(2720, 20, NULL, '2018-07-04', 11, NULL),
(2721, 20, NULL, '2018-07-06', 11, NULL),
(2722, 20, NULL, '2018-07-08', 11, NULL),
(2723, 20, NULL, '2018-07-09', 11, NULL),
(2724, 20, NULL, '2018-07-11', 11, NULL),
(2725, 20, NULL, '2018-07-12', 11, NULL),
(2726, 20, NULL, '2018-07-15', 11, NULL),
(2727, 20, NULL, '2018-07-16', 11, NULL),
(2728, 20, NULL, '2018-07-17', 11, NULL),
(2729, 20, NULL, '2018-07-18', 11, NULL),
(2730, 20, NULL, '2018-07-19', 11, NULL),
(2731, 20, NULL, '2018-07-20', 11, NULL),
(2732, 20, NULL, '2018-07-23', 11, NULL),
(2733, 20, NULL, '2018-07-24', 11, NULL),
(2734, 20, NULL, '2018-07-25', 11, NULL),
(2735, 20, NULL, '2018-07-26', 11, NULL),
(2736, 20, NULL, '2018-07-27', 11, NULL),
(2737, 20, NULL, '2018-07-29', 12, NULL),
(2738, 20, NULL, '2018-07-30', 12, NULL),
(2739, 20, NULL, '2018-08-02', 12, NULL),
(2740, 20, NULL, '2018-07-31', 12, NULL),
(2741, 20, NULL, '2018-08-01', 12, NULL),
(2742, 20, NULL, '2018-08-03', 12, NULL),
(2743, 20, NULL, '2018-08-06', 12, NULL),
(2744, 20, NULL, '2018-08-05', 12, NULL),
(2745, 20, NULL, '2018-08-07', 12, NULL),
(2746, 20, NULL, '2018-08-08', 12, NULL),
(2747, 20, NULL, '2018-08-09', 12, NULL),
(2748, 20, NULL, '2018-08-10', 12, NULL),
(2749, 20, NULL, '2018-08-12', 12, NULL),
(2750, 20, NULL, '2018-08-13', 12, NULL),
(2751, 20, NULL, '2018-08-14', 12, NULL),
(2752, 20, NULL, '2018-08-15', 12, NULL),
(2753, 20, NULL, '2018-08-16', 12, NULL),
(2754, 20, NULL, '2018-08-17', 12, NULL),
(2755, 20, NULL, '2018-08-21', 12, NULL),
(2756, 20, NULL, '2018-08-22', 12, NULL),
(2757, 20, NULL, '2018-08-23', 12, NULL),
(2758, 20, NULL, '2018-08-24', 12, NULL),
(2759, 20, NULL, '2018-08-26', 12, NULL),
(2760, 20, NULL, '2018-08-27', 12, NULL),
(2761, 20, NULL, '2018-08-28', 12, NULL),
(2762, 20, NULL, '2018-08-29', 12, NULL),
(2763, 20, NULL, '2018-08-30', 12, NULL),
(2764, 20, NULL, '2018-08-31', 12, NULL),
(2765, 20, NULL, '2018-09-02', 12, NULL),
(2766, 20, NULL, '2018-09-01', 12, NULL),
(2767, 20, NULL, '2018-09-03', 12, NULL),
(2768, 20, NULL, '2018-09-04', 12, NULL),
(2769, 20, NULL, '2018-09-05', 12, NULL),
(2770, 20, NULL, '2018-09-06', 12, NULL),
(2771, 20, NULL, '2018-09-07', 12, NULL),
(2772, 20, NULL, '2018-09-09', 12, NULL),
(2773, 20, NULL, '2018-09-10', 12, NULL),
(2774, 20, NULL, '2018-09-12', 12, NULL),
(2775, 20, NULL, '2018-09-13', 12, NULL),
(2776, 20, NULL, '2018-09-14', 12, NULL),
(2777, 20, NULL, '2018-09-16', 12, NULL),
(2778, 20, NULL, '2018-09-17', 13, NULL),
(2779, 20, NULL, '2018-09-18', 13, NULL),
(2780, 20, NULL, '2018-09-19', 13, NULL),
(2781, 20, NULL, '2018-09-20', 13, NULL),
(2782, 20, NULL, '2018-09-21', 13, NULL),
(2783, 20, NULL, '2018-09-23', 13, NULL),
(2784, 20, NULL, '2018-09-24', 13, NULL),
(2785, 20, NULL, '2018-09-25', 13, NULL),
(2786, 20, NULL, '2018-09-26', 13, NULL),
(2787, 20, NULL, '2018-09-27', 13, NULL),
(2788, 20, NULL, '2018-09-28', 13, NULL),
(2789, 20, NULL, '2018-09-30', 13, NULL),
(2790, 20, NULL, '2018-10-01', 13, NULL),
(2791, 20, NULL, '2018-10-02', 13, NULL),
(2792, 20, NULL, '2018-10-03', 13, NULL),
(2793, 20, NULL, '2018-10-04', 13, NULL),
(2794, 20, NULL, '2018-10-05', 13, NULL),
(2795, 20, NULL, '2018-10-07', 13, NULL),
(2796, 20, NULL, '2018-10-08', 14, NULL),
(2797, 20, NULL, '2018-10-09', 14, NULL),
(2798, 20, NULL, '2018-10-10', 14, NULL),
(2799, 20, NULL, '2018-10-11', 14, NULL),
(2800, 20, NULL, '2018-10-12', 14, NULL),
(2801, 20, NULL, '2018-10-15', 14, NULL),
(2802, 20, NULL, '2018-10-16', 14, NULL),
(2803, 20, NULL, '2018-10-17', 14, NULL),
(2804, 20, NULL, '2018-10-19', 14, NULL),
(2805, 20, NULL, '2018-10-21', 14, NULL),
(2806, 20, NULL, '2018-10-24', 14, NULL),
(2807, 20, NULL, '2018-10-28', 14, NULL),
(2808, 20, NULL, '2018-10-29', 14, NULL),
(2809, 20, NULL, '2018-10-31', 14, NULL),
(2810, 20, NULL, '2018-11-01', 14, NULL),
(2811, 20, NULL, '2018-11-08', 14, NULL),
(2812, 20, NULL, '2018-11-09', 14, NULL),
(2813, 20, NULL, '2018-11-14', 14, NULL),
(2814, 20, NULL, '2018-11-23', 14, NULL),
(2815, 20, NULL, '2018-11-26', 14, NULL),
(2816, 20, NULL, '2018-11-28', 14, NULL),
(2817, 20, NULL, '2018-11-30', 14, NULL),
(2818, 20, NULL, '2018-12-02', 14, NULL),
(2819, 20, NULL, '2018-12-03', 14, NULL),
(2820, 20, NULL, '2018-12-04', 14, NULL),
(2821, 20, NULL, '2018-12-05', 14, NULL),
(2822, 20, NULL, '2018-12-06', 14, NULL),
(2823, 20, NULL, '2018-12-07', 14, NULL),
(2824, 20, NULL, '2018-12-10', 14, NULL),
(2825, 20, NULL, '2018-12-11', 14, NULL),
(2826, 20, NULL, '2018-12-13', 14, NULL),
(2827, 20, NULL, '2018-12-14', 14, NULL),
(2828, 20, NULL, '2018-12-17', 14, NULL),
(2829, 20, NULL, '2018-12-18', 14, NULL),
(2830, 20, NULL, '2018-12-21', 14, NULL),
(2831, 20, NULL, '2018-12-20', 14, NULL),
(2832, 20, NULL, '2018-12-23', 14, NULL),
(2833, 20, NULL, '2018-12-24', 14, NULL),
(2834, 20, NULL, '2018-12-27', 14, NULL),
(2835, 20, NULL, '2018-12-30', 14, NULL),
(2836, 15, NULL, '2018-09-21', 149.285, NULL),
(2837, 15, NULL, '2018-09-22', 149.285, NULL),
(2838, 15, NULL, '2018-09-24', 151.32, NULL),
(2839, 15, NULL, '2018-09-25', 158.195, NULL),
(2840, 15, NULL, '2018-09-26', 158.763, NULL),
(2841, 15, NULL, '2018-09-27', 159.459, NULL),
(2842, 15, NULL, '2018-09-28', 163.355, NULL),
(2843, 15, NULL, '2018-09-30', 165.601, NULL),
(2844, 15, NULL, '2018-10-01', 165.601, NULL),
(2845, 15, NULL, '2018-10-02', 166.601, NULL),
(2846, 15, NULL, '2018-10-03', 166.659, NULL),
(2847, 15, NULL, '2018-10-04', 168.479, NULL),
(2848, 15, NULL, '2018-10-05', 168.479, NULL),
(2849, 7, NULL, '2019-02-01', 1340.964, NULL),
(2850, 7, NULL, '2019-02-03', 1345.412, NULL),
(2851, 7, NULL, '2019-02-04', 1345.511, NULL),
(2852, 7, NULL, '2019-02-07', 1345.511, NULL),
(2853, 7, NULL, '2019-02-08', 1345.511, NULL),
(2854, 7, NULL, '2019-02-11', 1345.511, NULL),
(2855, 7, NULL, '2019-02-12', 1345.511, NULL),
(2856, 5, NULL, '2019-02-01', 2001.734, NULL),
(2857, 5, NULL, '2019-02-03', 2005.236, NULL),
(2858, 5, NULL, '2019-02-04', 2006.576, NULL),
(2859, 5, NULL, '2019-02-07', 2009.808, NULL),
(2860, 5, NULL, '2019-02-08', 2013.191, NULL),
(2861, 5, NULL, '2019-02-11', 2016.155, NULL),
(2862, 5, NULL, '2019-02-12', 2018.948, NULL),
(2863, 25, NULL, '2019-02-01', 110, NULL),
(2864, 25, NULL, '2019-02-03', 112, NULL),
(2865, 25, NULL, '2019-02-04', 112, NULL),
(2866, 3, NULL, '2019-02-01', 104.356, NULL),
(2867, 3, NULL, '2019-02-03', 104.37, NULL),
(2868, 3, NULL, '2019-02-04', 104.375, NULL),
(2869, 3, NULL, '2019-02-07', 104.404, NULL),
(2870, 3, NULL, '2019-02-08', 104.43, NULL),
(2871, 3, NULL, '2019-02-11', 104.446, NULL),
(2872, 3, NULL, '2019-02-12', 104.446, NULL),
(2873, 11, NULL, '2018-05-04', NULL, NULL),
(2874, 22, NULL, '2019-02-01', 225.277, NULL),
(2875, 22, NULL, '2019-02-03', 227.906, NULL),
(2876, 22, NULL, '2019-02-04', 229.484, NULL),
(2877, 22, NULL, '2019-02-07', 232.809, NULL),
(2878, 22, NULL, '2019-02-08', 238.461, NULL),
(2879, 22, NULL, '2019-02-11', 243.373, NULL),
(2880, 22, NULL, '2019-02-12', 247.416, NULL),
(2881, 24, NULL, '2019-02-01', 230.081, NULL),
(2882, 24, NULL, '2019-02-03', 232.502, NULL),
(2883, 24, NULL, '2019-02-04', 233.271, NULL),
(2884, 24, NULL, '2019-02-07', 234.463, NULL),
(2885, 24, NULL, '2019-02-08', 235.813, NULL),
(2886, 24, NULL, '2019-02-11', 237.973, NULL),
(2887, 24, NULL, '2019-02-12', 239.188, NULL),
(2888, 26, NULL, '2019-02-04', 0.963, NULL),
(2889, 26, NULL, '2019-02-01', 0.891, NULL),
(2890, 26, NULL, '2019-02-07', 1.819, NULL),
(2891, 26, NULL, '2019-02-08', 2.511, NULL),
(2892, 26, NULL, '2019-02-11', 3.208, NULL),
(2893, 26, NULL, '2019-02-12', 3.892, NULL),
(2894, 27, NULL, '2019-02-01', 2.167, NULL),
(2895, 27, NULL, '2019-02-04', 2.512, NULL),
(2896, 27, NULL, '2019-02-07', 3.151, NULL),
(2897, 27, NULL, '2019-02-08', 4.137, NULL),
(2898, 27, NULL, '2019-02-11', 5.415, NULL),
(2899, 27, NULL, '2019-02-12', 6.458, NULL),
(2900, 21, NULL, '2019-02-01', 263.293, NULL),
(2901, 21, NULL, '2019-02-03', 263.293, NULL),
(2902, 21, NULL, '2019-02-04', 263.293, NULL),
(2903, 21, NULL, '2019-02-07', 278.254, NULL),
(2904, 21, NULL, '2019-02-08', 292.909, NULL),
(2905, 21, NULL, '2019-02-11', 292.909, NULL),
(2906, 21, NULL, '2019-02-12', 292.91, NULL),
(2907, 29, NULL, '2019-02-01', 0.843, NULL),
(2908, 29, NULL, '2019-02-04', 1.108, NULL),
(2909, 29, NULL, '2019-02-07', 1.951, NULL),
(2910, 29, NULL, '2019-02-08', 2.437, NULL),
(2911, 29, NULL, '2019-02-11', 2.951, NULL),
(2912, 29, NULL, '2019-02-12', 3.448, NULL),
(2913, 23, NULL, '2019-02-01', 13.491, NULL),
(2914, 23, NULL, '2019-02-03', 13.938, NULL),
(2915, 23, NULL, '2019-02-04', 14.024, NULL),
(2916, 23, NULL, '2019-02-07', 14.301, NULL),
(2917, 23, NULL, '2019-02-08', 14.519, NULL),
(2918, 23, NULL, '2019-02-11', 14.917, NULL),
(2919, 23, NULL, '2019-02-12', 15.152, NULL),
(2920, 28, NULL, '2019-02-01', 0.87, NULL),
(2921, 28, NULL, '2019-02-04', 1.281, NULL),
(2922, 28, NULL, '2019-02-07', 2.273, NULL),
(2923, 28, NULL, '2019-02-08', 3.137, NULL),
(2924, 28, NULL, '2019-02-11', 3.555, NULL),
(2925, 28, NULL, '2019-02-12', 4.364, NULL),
(2926, 10, NULL, '2019-02-01', 1131.754, NULL),
(2927, 10, NULL, '2019-02-03', 1133.917, NULL),
(2928, 10, NULL, '2019-02-04', 1134.5, NULL),
(2929, 10, NULL, '2019-02-07', 1137.062, NULL),
(2930, 10, NULL, '2019-02-08', 1139.715, NULL),
(2931, 10, NULL, '2019-02-11', 1141.718, NULL),
(2932, 10, NULL, '2019-02-12', 1143.355, NULL),
(2933, 4, NULL, '2019-02-01', 80.427, NULL),
(2934, 4, NULL, '2019-02-03', 80.486, NULL),
(2935, 4, NULL, '2019-02-04', 80.486, NULL),
(2936, 4, NULL, '2019-02-07', 80.58, NULL),
(2937, 4, NULL, '2019-02-08', 80.664, NULL),
(2938, 4, NULL, '2019-02-12', 80.729, NULL),
(2939, 4, NULL, '2019-02-11', 80.729, NULL),
(2940, 8, NULL, '2019-02-01', 222.1, NULL),
(2941, 8, NULL, '2019-02-03', 222.6, NULL),
(2942, 8, NULL, '2019-02-04', 223, NULL),
(2943, 8, NULL, '2019-02-07', 224.4, NULL),
(2944, 8, NULL, '2019-02-08', 225.7, NULL),
(2945, 8, NULL, '2019-02-11', 226, NULL),
(2946, 8, NULL, '2019-02-12', 227.5, NULL),
(2947, 20, NULL, '2019-02-01', 14, NULL),
(2948, 20, NULL, '2019-02-03', 14, NULL),
(2949, 20, NULL, '2019-02-04', 14, NULL),
(2950, 20, NULL, '2019-02-07', 14, NULL),
(2951, 20, NULL, '2019-02-08', 14, NULL),
(2952, 20, NULL, '2019-02-11', 14, NULL),
(2953, 20, NULL, '2019-02-12', 14, NULL),
(2954, 29, NULL, '2019-02-13', 3.77, NULL),
(2956, 28, NULL, '2019-02-13', 4.854, NULL),
(2957, 27, NULL, '2019-02-13', 6.941, NULL),
(2958, 26, NULL, '2019-02-13', 4.241, NULL),
(2960, 24, NULL, '2019-02-13', 240.136, NULL),
(2961, 23, NULL, '2019-02-13', 15.214, NULL),
(2962, 22, NULL, '2019-02-13', 249.804, NULL),
(2963, 21, NULL, '2019-02-13', 292.911, NULL),
(2964, 20, NULL, '2019-02-13', 14, NULL),
(2965, 10, NULL, '2019-02-13', 1144.717, NULL),
(2966, 8, NULL, '2019-02-13', 228.1, NULL),
(2967, 7, NULL, '2019-02-13', 1345.511, NULL),
(2968, 5, NULL, '2019-02-13', 2020.499, NULL),
(2969, 4, NULL, '2019-02-13', 80.833, NULL),
(2970, 3, NULL, '2019-02-13', 104.475, NULL),
(2971, 29, NULL, '2019-02-14', 4.158, NULL),
(2972, 28, NULL, '2019-02-14', 5.419, NULL),
(2973, 27, NULL, '2019-02-14', 7.615, NULL),
(2974, 26, NULL, '2019-02-14', 4.54, NULL),
(2975, 24, NULL, '2019-02-14', 240.737, NULL),
(2976, 23, NULL, '2019-02-14', 15.327, NULL),
(2977, 21, NULL, '2019-02-14', 301.142, NULL),
(2978, 20, NULL, '2019-02-14', 14, NULL),
(2979, 10, NULL, '2019-02-14', 1145.969, NULL),
(2980, 8, NULL, '2019-02-14', 228.7, NULL),
(2981, 7, NULL, '2019-02-14', 1345.511, NULL),
(2982, 5, NULL, '2019-02-14', 2022.357, NULL),
(2983, 4, NULL, '2019-02-14', 80.89, NULL),
(2984, 3, NULL, '2019-02-14', 104.49, NULL),
(2985, 29, NULL, '2019-02-15', 4.535, NULL),
(2986, 28, NULL, '2019-02-15', 5.863, NULL),
(2987, 27, NULL, '2019-02-15', 8.174, NULL),
(2988, 26, NULL, '2019-02-15', 4.958, NULL),
(2989, 24, NULL, '2019-02-15', 242.033, NULL),
(2990, 23, NULL, '2019-02-15', 15.487, NULL),
(2991, 22, NULL, '2019-02-15', 254.665, NULL),
(2992, 21, NULL, '2019-02-15', 309.301, NULL),
(2993, 20, NULL, '2019-02-15', 14, NULL),
(2994, 10, NULL, '2019-02-15', 1147.457, NULL),
(2995, 8, NULL, '2019-02-15', 229.4, NULL),
(2996, 7, NULL, '2019-02-15', 1345.511, NULL),
(2997, 5, NULL, '2019-02-15', 2023.185, NULL),
(2998, 4, NULL, '2019-02-15', 80.928, NULL),
(2999, 29, NULL, '2019-02-17', 5.403, NULL),
(3000, 28, NULL, '2019-02-17', 6.331, NULL),
(3001, 27, NULL, '2019-02-17', 9.38, NULL),
(3002, 26, NULL, '2019-02-17', 5.377, NULL),
(3003, 24, NULL, '2019-02-17', 245.006, NULL),
(3004, 23, NULL, '2019-02-17', 15.732, NULL),
(3005, 22, NULL, '2019-02-17', 258.105, NULL),
(3006, 21, NULL, '2019-02-17', 324.764, NULL),
(3007, 20, NULL, '2019-02-17', 14, NULL),
(3008, 10, NULL, '2019-02-17', 1149.063, NULL),
(3009, 8, NULL, '2019-02-17', 230.3, NULL),
(3010, 7, NULL, '2019-02-17', 1345.511, NULL),
(3011, 5, NULL, '2019-02-17', 2023.251, NULL),
(3013, 4, NULL, '2019-02-17', 81.005, NULL),
(3014, 3, NULL, '2019-02-17', 104.512, NULL),
(3015, 29, NULL, '2019-02-18', 5.88, NULL),
(3016, 28, NULL, '2019-02-18', 6.579, NULL),
(3017, 27, NULL, '2019-02-18', 9.837, NULL),
(3018, 26, NULL, '2019-02-18', 5.427, NULL),
(3020, 24, NULL, '2019-02-18', 246.071, NULL),
(3021, 23, NULL, '2019-02-18', 15.8, NULL),
(3022, 22, NULL, '2019-02-18', 261.341, NULL),
(3026, 21, NULL, '2019-02-18', 324.764, NULL),
(3027, 20, NULL, '2019-02-18', 14, NULL),
(3028, 10, NULL, '2019-02-18', 1149.192, NULL),
(3029, 8, NULL, '2019-02-18', 230.5, NULL),
(3031, 7, NULL, '2019-02-18', 1345.511, NULL),
(3032, 5, NULL, '2019-02-18', 2028.505, NULL),
(3033, 4, NULL, '2019-02-18', 81.005, NULL),
(3034, 3, NULL, '2019-02-18', 104.518, NULL),
(3035, 29, NULL, '2019-02-19', 6.135, NULL),
(3036, 10, NULL, '2019-02-19', 1151.513, NULL),
(3037, 8, NULL, '2019-02-19', 231.3, NULL),
(3038, 7, NULL, '2019-02-19', 1345.511, NULL),
(3039, 5, NULL, '2019-02-19', 2030.105, NULL),
(3040, 4, NULL, '2019-02-19', 81.064, NULL),
(3041, 3, NULL, '2019-02-19', 104.529, NULL),
(3042, 29, NULL, '2019-02-20', 6.281, NULL),
(3043, 28, NULL, '2019-02-20', 7.52, NULL),
(3044, 27, NULL, '2019-02-20', 10.715, NULL),
(3045, 26, NULL, '2019-02-20', 6.251, NULL),
(3046, 24, NULL, '2019-02-20', 248.931, NULL),
(3047, 23, NULL, '2019-02-20', 16.062, NULL),
(3048, 22, NULL, '2019-02-20', 266.362, NULL),
(3049, 21, NULL, '2019-02-20', 324.764, NULL),
(3050, 20, NULL, '2019-02-20', 14, NULL),
(3051, 10, NULL, '2019-02-20', 1152.94, NULL),
(3052, 8, NULL, '2019-02-20', 231.3, NULL),
(3053, 7, NULL, '2019-02-20', 1345.511, NULL),
(3054, 5, NULL, '2019-02-20', 2031.456, NULL),
(3055, 4, NULL, '2019-02-20', 81.106, NULL),
(3056, 3, NULL, '2019-02-20', 104.54, NULL),
(3057, 29, NULL, '2019-02-21', 6.555, NULL),
(3068, 28, NULL, '2019-02-21', 8.002, NULL),
(3069, 27, NULL, '2019-02-21', 11.046, NULL),
(3070, 26, NULL, '2019-02-21', 6.721, NULL),
(3071, 24, NULL, '2019-02-21', 250.281, NULL),
(3072, 23, NULL, '2019-02-21', 16.147, NULL),
(3073, 22, NULL, '2019-02-21', 269.563, NULL),
(3074, 21, NULL, '2019-02-21', 324.764, NULL),
(3075, 20, NULL, '2019-02-21', 14, NULL),
(3076, 10, NULL, '2019-02-21', 1155.457, NULL),
(3077, 8, NULL, '2019-02-21', 232.3, NULL),
(3078, 5, NULL, '2019-02-21', 2033.157, NULL),
(3079, 7, NULL, '2019-02-21', 1345.511, NULL),
(3080, 4, NULL, '2019-02-21', 81.15, NULL),
(3081, 3, NULL, '2019-02-21', 104.55, NULL),
(3082, 29, NULL, '2019-02-22', 6.691, NULL),
(3083, 28, NULL, '2019-02-22', 8.408, NULL),
(3084, 27, NULL, '2019-02-22', 11.64, NULL),
(3085, 26, NULL, '2019-02-22', 7.144, NULL),
(3086, 24, NULL, '2019-02-22', 251.732, NULL),
(3087, 23, NULL, '2019-02-22', 16.262, NULL),
(3088, 22, NULL, '2019-02-22', 270.388, NULL),
(3089, 21, NULL, '2019-02-22', 330.361, NULL),
(3090, 20, NULL, '2019-02-22', 14, NULL),
(3091, 10, NULL, '2019-02-22', 1156.686, NULL),
(3092, 8, NULL, '2019-02-22', 233.1, NULL),
(3093, 7, NULL, '2019-02-22', 1345.511, NULL),
(3094, 5, NULL, '2019-02-22', 2034.856, NULL),
(3095, 4, NULL, '2019-02-22', 81.175, NULL),
(3097, 3, NULL, '2019-02-22', 104.564, NULL),
(3098, 29, NULL, '2019-02-24', 6.91, NULL),
(3099, 28, NULL, '2019-02-24', 8.856, NULL),
(3100, 27, NULL, '2019-02-24', 13.564, NULL),
(3101, 26, NULL, '2019-02-24', 7.939, NULL),
(3102, 24, NULL, '2019-02-24', 254.948, NULL),
(3103, 23, NULL, '2019-02-24', 16.523, NULL),
(3104, 22, NULL, '2019-02-24', 276.731, NULL),
(3105, 21, NULL, '2019-02-24', 330.361, NULL),
(3106, 20, NULL, '2019-02-24', 14, NULL),
(3107, 10, NULL, '2019-02-24', 1158.454, NULL),
(3108, 8, NULL, '2019-02-24', 234.1, NULL),
(3109, 7, NULL, '2019-02-24', 1345.511, NULL),
(3110, 5, NULL, '2019-02-24', 2036.842, NULL),
(3111, 4, NULL, '2019-02-24', 81.198, NULL),
(3112, 3, NULL, '2019-02-24', 104.588, NULL),
(3113, 29, NULL, '2019-02-25', 7.098, NULL),
(3114, 28, NULL, '2019-02-25', 9.217, NULL),
(3115, 27, NULL, '2019-02-25', 13.954, NULL),
(3116, 26, NULL, '2019-02-25', 8.07, NULL),
(3117, 24, NULL, '2019-02-25', 256.491, NULL),
(3118, 23, NULL, '2019-02-25', 16.58, NULL),
(3119, 22, NULL, '2019-02-25', 277.51, NULL),
(3120, 21, NULL, '2019-02-25', 330.361, NULL),
(3121, 20, NULL, '2019-02-25', 14, NULL),
(3122, 10, NULL, '2019-02-25', 1158.701, NULL),
(3123, 8, NULL, '2019-02-25', 234.3, NULL),
(3124, 7, NULL, '2019-02-25', 1345.511, NULL),
(3125, 5, NULL, '2019-02-25', 2037.953, NULL),
(3126, 4, NULL, '2019-02-25', 81.281, NULL),
(3128, 3, NULL, '2019-02-25', 104.594, NULL),
(3129, 29, NULL, '2019-02-26', 7.298, NULL),
(3130, 28, NULL, '2019-02-26', 9.649, NULL),
(3131, 27, NULL, '2019-02-26', 14.269, NULL),
(3132, 26, NULL, '2019-02-26', 8.677, NULL),
(3133, 24, NULL, '2019-02-26', 258.183, NULL),
(3136, 23, NULL, '2019-02-26', 16.707, NULL),
(3137, 22, NULL, '2019-02-26', 280.513, NULL),
(3138, 21, NULL, '2019-02-26', 330.361, NULL),
(3139, 20, NULL, '2019-02-26', 14, NULL),
(3140, 10, NULL, '2019-02-26', 1160.223, NULL),
(3142, 8, NULL, '2019-02-26', 235, NULL),
(3143, 7, NULL, '2019-02-26', 1345.511, NULL),
(3144, 5, NULL, '2019-02-26', 2039.644, NULL),
(3145, 4, NULL, '2019-02-26', 81.315, NULL),
(3146, 29, NULL, '2019-02-27', 7.718, NULL),
(3147, 28, NULL, '2019-02-27', 10.093, NULL),
(3148, 27, NULL, '2019-02-27', 14.738, NULL),
(3149, 26, NULL, '2019-02-27', 9.288, NULL),
(3150, 24, NULL, '2019-02-27', 260.176, NULL),
(3151, 23, NULL, '2019-02-27', 16.86, NULL),
(3152, 22, NULL, '2019-02-27', 282.815, NULL),
(3153, 21, NULL, '2019-02-27', 330.361, NULL),
(3154, 20, NULL, '2019-02-27', 14, NULL),
(3155, 10, NULL, '2019-02-27', 1162.031, NULL),
(3156, 8, NULL, '2019-02-27', 235.6, NULL),
(3157, 7, NULL, '2019-02-27', 1345.511, NULL),
(3158, 5, NULL, '2019-02-27', 2041.244, NULL),
(3159, 4, NULL, '2019-02-27', 81.374, NULL),
(3160, 3, NULL, '2019-02-27', 104.621, NULL),
(3161, 3, NULL, '2019-02-26', 104.609, NULL),
(3162, 29, 2041, '2019-02-28', 7.908, NULL),
(3163, 28, NULL, '2019-02-28', 10.377, NULL),
(3164, 27, 2038, '2019-02-28', 15.371, NULL),
(3165, 26, 2051, '2019-02-28', 9.755, NULL),
(3166, 24, 2038, '2019-02-28', 261.934, NULL),
(3167, 23, 2050, '2019-02-28', 16.936, NULL),
(3168, 22, NULL, '2019-02-28', 285.371, NULL),
(3169, 21, NULL, '2019-02-28', 330.361, NULL),
(3170, 20, 2040, '2019-02-28', 14, NULL),
(3171, 10, NULL, '2019-02-28', 1162.946, NULL),
(3172, 8, 2040, '2019-02-28', 236.1, NULL),
(3173, 7, NULL, '2019-02-28', 1345.511, NULL),
(3174, 5, 2041, '2019-02-28', 2042.855, NULL),
(3175, 4, 2058, '2019-02-28', 81.389, NULL),
(3176, 3, NULL, '2019-02-28', 104.622, NULL),
(3177, 29, NULL, '2019-03-01', 8.559, NULL),
(3178, 28, NULL, '2019-03-01', 10.811, NULL),
(3179, 27, NULL, '2019-03-01', 15.854, NULL),
(3180, 26, NULL, '2019-03-01', 10.23, NULL),
(3181, 24, NULL, '2019-03-01', 263.67, NULL),
(3182, 23, NULL, '2019-03-01', 16.995, NULL),
(3183, 22, NULL, '2019-03-01', 288.401, NULL),
(3184, 21, NULL, '2019-03-01', 330.365, NULL),
(3185, 20, NULL, '2019-03-01', 14, NULL),
(3186, 10, NULL, '2019-03-01', 1164.109, NULL),
(3187, 7, NULL, '2019-03-01', 1345.511, NULL),
(3188, 5, NULL, '2019-03-01', 2044.271, NULL),
(3189, 4, NULL, '2019-03-01', 81.416, NULL),
(3190, 3, NULL, '2019-03-01', 104.637, NULL),
(3191, 8, NULL, '2019-03-01', 237.5, NULL),
(3192, 29, NULL, '2019-03-03', 9.187, NULL),
(3193, 28, NULL, '2019-03-03', 11.524, NULL),
(3194, 27, NULL, '2019-03-03', 17.088, NULL),
(3195, 26, NULL, '2019-03-03', 11.48, NULL),
(3196, 24, NULL, '2019-03-03', 270.371, NULL),
(3197, 23, NULL, '2019-03-03', 17.427, NULL),
(3198, 22, NULL, '2019-03-03', 294.968, NULL),
(3199, 21, NULL, '2019-03-03', 333.171, NULL),
(3200, 20, NULL, '2019-03-03', 14, NULL),
(3201, 10, NULL, '2019-03-03', 1166.701, NULL),
(3202, 8, NULL, '2019-03-03', 251.4, NULL),
(3203, 7, NULL, '2019-03-03', 1345.511, NULL),
(3204, 5, NULL, '2019-03-03', 2047.451, NULL),
(3205, 4, NULL, '2019-03-03', 81.571, NULL),
(3206, 3, NULL, '2019-03-03', 104.664, NULL),
(3207, 29, NULL, '2019-03-04', 9.761, NULL),
(3208, 28, NULL, '2019-03-04', 12.003, NULL),
(3209, 27, NULL, '2019-03-04', 17.675, NULL),
(3210, 26, NULL, '2019-03-04', 11.587, NULL),
(3211, 24, NULL, '2019-03-04', 275.261, NULL),
(3212, 23, NULL, '2019-03-04', 17.546, NULL),
(3213, 22, NULL, '2019-03-04', 296.324, NULL),
(3214, 21, NULL, '2019-03-04', 340.956, NULL),
(3215, 20, NULL, '2019-03-04', 14, NULL),
(3216, 10, NULL, '2019-03-04', 1167.167, NULL),
(3217, 8, NULL, '2019-03-04', 259.1, NULL),
(3218, 7, NULL, '2019-03-04', 1345.511, NULL),
(3220, 5, NULL, '2019-03-04', 2048.464, NULL),
(3221, 4, NULL, '2019-03-04', 81.571, NULL),
(3222, 3, NULL, '2019-03-04', 104.668, NULL),
(3223, 29, NULL, '2019-03-06', 10.4, NULL),
(3224, 28, NULL, '2019-03-06', 12.839, NULL),
(3225, 27, NULL, '2019-03-06', 18.385, NULL),
(3226, 26, NULL, '2019-03-06', 12.367, NULL),
(3227, 24, NULL, '2019-03-06', 279.384, NULL),
(3228, 23, NULL, '2019-03-06', 17.758, NULL),
(3229, 22, NULL, '2019-03-06', 300.711, NULL),
(3230, 21, NULL, '2019-03-06', 340.957, NULL),
(3231, 20, NULL, '2019-03-06', 14, NULL),
(3232, 10, NULL, '2019-03-06', 1170.987, NULL),
(3233, 8, NULL, '2019-03-06', 260.4, NULL),
(3234, 7, NULL, '2019-03-06', 1345.511, NULL),
(3235, 5, NULL, '2019-03-06', 2051.961, NULL),
(3236, 4, NULL, '2019-03-06', 81.73, NULL),
(3237, 3, NULL, '2019-03-06', 104.697, NULL),
(3238, 29, NULL, '2019-03-07', 10.731, NULL),
(3239, 28, NULL, '2019-03-07', 13.276, NULL),
(3240, 27, NULL, '2019-03-07', 18.721, NULL),
(3241, 26, NULL, '2019-03-07', 12.805, NULL),
(3242, 24, NULL, '2019-03-07', 280.61, NULL),
(3243, 23, NULL, '2019-03-07', 17.841, NULL),
(3244, 22, NULL, '2019-03-07', 303.412, NULL),
(3245, 21, NULL, '2019-03-07', 340.957, NULL),
(3246, 20, NULL, '2019-03-07', 14, NULL),
(3247, 10, NULL, '2019-03-07', 1172.088, NULL),
(3248, 8, NULL, '2019-03-07', 261.4, NULL),
(3249, 7, NULL, '2019-03-07', 1345.511, NULL),
(3250, 5, NULL, '2019-03-07', 2053.648, NULL),
(3251, 4, NULL, '2019-03-07', 81.788, NULL),
(3253, 3, NULL, '2019-03-07', 104.709, NULL),
(3254, 29, NULL, '2019-03-08', 10.968, NULL),
(3255, 28, NULL, '2019-03-08', 13.651, NULL),
(3256, 27, NULL, '2019-03-08', 19.053, NULL),
(3257, 26, NULL, '2019-03-08', 13.169, NULL),
(3258, 24, NULL, '2019-03-08', 281.769, NULL),
(3259, 23, NULL, '2019-03-08', 17.959, NULL),
(3260, 22, NULL, '2019-03-08', 304.822, NULL),
(3261, 21, NULL, '2019-03-08', 340.957, NULL),
(3262, 20, NULL, '2019-03-08', 14, NULL),
(3263, 10, NULL, '2019-03-08', 1173.364, NULL),
(3264, 8, NULL, '2019-03-08', 261.6, NULL),
(3265, 7, NULL, '2019-03-08', 1345.511, NULL),
(3266, 5, NULL, '2019-03-08', 2055.174, NULL),
(3267, 4, NULL, '2019-03-08', 81.841, NULL),
(3268, 3, NULL, '2019-03-08', 104.719, NULL),
(3269, 26, NULL, '2019-03-11', 13.919, NULL),
(3270, 27, NULL, '2019-03-11', 21.194, NULL),
(3271, 28, NULL, '2019-03-11', 14.465, NULL),
(3272, 29, NULL, '2019-03-11', 11.65, NULL),
(3273, 24, NULL, '2019-03-11', 284.902, NULL),
(3274, 23, NULL, '2019-03-11', 18.398, NULL),
(3275, 22, NULL, '2019-03-11', 313.221, NULL),
(3276, 21, NULL, '2019-03-11', 340.957, NULL),
(3277, 20, NULL, '2019-03-11', 14, NULL),
(3278, 10, NULL, '2019-03-11', 1175.438, NULL),
(3279, 8, NULL, '2019-03-11', 262.6, NULL),
(3280, 7, NULL, '2019-03-11', 1345.511, NULL),
(3281, 5, NULL, '2019-03-11', 2060.39, NULL),
(3282, 4, NULL, '2019-03-11', 81.842, NULL),
(3283, 3, NULL, '2019-03-11', 104.736, NULL),
(3284, 29, NULL, '2019-03-12', 11.908, NULL),
(3285, 28, NULL, '2019-03-12', 15.107, NULL),
(3286, 27, NULL, '2019-03-12', 21.802, NULL),
(3287, 26, NULL, '2019-03-12', 14.235, NULL),
(3288, 24, NULL, '2019-03-12', 286.114, NULL),
(3289, 23, NULL, '2019-03-12', 18.506, NULL),
(3290, 22, NULL, '2019-03-12', 316.339, NULL),
(3291, 21, NULL, '2019-03-12', 359.472, NULL),
(3292, 20, NULL, '2019-03-12', 14, NULL),
(3293, 10, NULL, '2019-03-12', 1176.059, NULL),
(3294, 8, NULL, '2019-03-12', 263.4, NULL),
(3295, 7, NULL, '2019-03-12', 1345.511, NULL),
(3296, 5, NULL, '2019-03-12', 2061.958, NULL),
(3297, 4, NULL, '2019-03-12', 82.056, NULL),
(3298, 3, NULL, '2019-03-12', 104.747, NULL),
(3299, 29, NULL, '2019-03-13', 12.055, NULL),
(3300, 28, NULL, '2019-03-13', 15.616, NULL),
(3301, 27, NULL, '2019-03-13', 21.931, NULL),
(3302, 26, NULL, '2019-03-13', 14.66, NULL),
(3303, 24, NULL, '2019-03-13', 287.836, NULL),
(3304, 23, NULL, '2019-03-13', 18.651, NULL),
(3305, 22, NULL, '2019-03-13', 318.349, NULL),
(3306, 21, NULL, '2019-03-13', 359.472, NULL),
(3307, 20, NULL, '2019-03-13', 14, NULL),
(3308, 10, NULL, '2019-03-13', 1178.158, NULL),
(3309, 8, NULL, '2019-03-13', 264.1, NULL),
(3310, 7, NULL, '2019-03-13', 1345.511, NULL),
(3311, 5, NULL, '2019-03-13', 2063.558, NULL),
(3312, 4, NULL, '2019-03-13', 82.089, NULL),
(3313, 3, NULL, '2019-03-13', 104.747, NULL),
(3314, 29, NULL, '2019-03-15', 12.693, NULL),
(3315, 28, NULL, '2019-03-15', 16.902, NULL),
(3316, 27, NULL, '2019-03-15', 24.412, NULL),
(3317, 26, NULL, '2019-03-15', 15.817, NULL),
(3318, 24, NULL, '2019-03-15', 289.333, NULL),
(3319, 23, NULL, '2019-03-15', 18.915, NULL),
(3320, 22, NULL, '2019-03-15', 326.793, NULL),
(3321, 21, NULL, '2019-03-15', 359.472, NULL),
(3322, 20, NULL, '2019-03-15', 14, NULL),
(3323, 10, NULL, '2019-03-15', 1182.618, NULL),
(3324, 8, NULL, '2019-03-15', 265.4, NULL),
(3325, 7, NULL, '2019-03-15', 1345.511, NULL),
(3326, 5, NULL, '2019-03-15', 2067.506, NULL),
(3327, 4, NULL, '2019-03-15', 82.201, NULL),
(3328, 3, NULL, '2019-03-15', 104.788, NULL),
(3329, 29, NULL, '2019-03-18', 13.652, NULL),
(3330, 28, NULL, '2019-03-18', 16.902, NULL),
(3331, 27, NULL, '2019-03-18', 26.14, NULL),
(3332, 26, NULL, '2019-03-18', 16.695, NULL),
(3333, 24, NULL, '2019-03-18', 293.435, NULL),
(3334, 23, NULL, '2019-03-18', 19.443, NULL),
(3335, 22, NULL, '2019-03-18', 332.995, NULL),
(3336, 21, NULL, '2019-03-18', 359.472, NULL),
(3337, 20, NULL, '2019-03-18', 14, NULL),
(3338, 10, NULL, '2019-03-18', 1187.367, NULL),
(3339, 8, NULL, '2019-03-18', 266.6, NULL),
(3340, 7, NULL, '2019-03-18', 1345.511, NULL),
(3341, 5, NULL, '2019-03-18', 2072.982, NULL),
(3342, 4, NULL, '2019-03-18', 82.283, NULL),
(3343, 3, NULL, '2019-03-18', 104.803, NULL),
(3344, 29, NULL, '2019-03-19', 14.091, NULL),
(3345, 28, NULL, '2019-03-19', 18.496, NULL),
(3346, 27, NULL, '2019-03-19', 26.632, NULL),
(3347, 26, NULL, '2019-03-19', 17.153, NULL),
(3348, 24, NULL, '2019-03-19', 294.736, NULL),
(3349, 23, NULL, '2019-03-19', 19.677, NULL),
(3350, 22, NULL, '2019-03-19', 335.472, NULL),
(3351, 21, NULL, '2019-03-19', 359.472, NULL),
(3352, 20, NULL, '2019-03-19', 14, NULL),
(3353, 10, NULL, '2019-03-19', 1189.061, NULL),
(3354, 8, NULL, '2019-03-19', 267.4, NULL),
(3355, 7, NULL, '2019-03-19', 1345.511, NULL),
(3356, 5, NULL, '2019-03-19', 2074.716, NULL),
(3357, 4, NULL, '2019-03-19', 82.391, NULL),
(3358, 3, NULL, '2019-03-19', 104.822, NULL),
(3359, 29, NULL, '2019-03-20', 14.247, NULL),
(3360, 28, NULL, '2019-03-20', 19.014, NULL),
(3361, 27, NULL, '2019-03-20', 27.072, NULL),
(3362, 26, NULL, '2019-03-20', 17.481, NULL),
(3363, 24, NULL, '2019-03-20', 295.48, NULL),
(3364, 23, NULL, '2019-03-20', 19.755, NULL),
(3365, 22, NULL, '2019-03-20', 338.628, NULL),
(3366, 21, NULL, '2019-03-20', 359.472, NULL),
(3367, 20, NULL, '2019-03-20', 14, NULL),
(3368, 10, NULL, '2019-03-20', 1190.15, NULL),
(3369, 8, NULL, '2019-03-20', 268, NULL),
(3370, 7, NULL, '2019-03-20', 1345.511, NULL),
(3371, 5, NULL, '2019-03-20', 2076.583, NULL),
(3372, 4, NULL, '2019-03-20', 82.488, NULL),
(3373, 3, NULL, '2019-03-20', 104.832, NULL),
(3374, 29, NULL, '2019-03-21', 14.47, NULL),
(3375, 28, NULL, '2019-03-21', 19.589, NULL),
(3376, 27, NULL, '2019-03-21', 27.508, NULL),
(3377, 26, NULL, '2019-03-21', 17.738, NULL),
(3379, 24, NULL, '2019-03-21', 298.541, NULL),
(3380, 23, NULL, '2019-03-21', 19.95, NULL),
(3381, 22, NULL, '2019-03-21', 341.965, NULL),
(3382, 21, NULL, '2019-03-21', 359.472, NULL),
(3383, 20, NULL, '2019-03-21', 14, NULL),
(3384, 10, NULL, '2019-03-21', 1191.642, NULL),
(3385, 8, NULL, '2019-03-21', 268.8, NULL),
(3386, 7, NULL, '2019-03-21', 1345.511, NULL),
(3387, 5, NULL, '2019-03-21', 2078.446, NULL),
(3388, 4, NULL, '2019-03-21', 82.576, NULL),
(3389, 3, NULL, '2019-03-21', 104.848, NULL),
(3390, 29, NULL, '2019-03-22', 14.664, NULL),
(3391, 28, NULL, '2019-03-22', 20.185, NULL),
(3392, 27, NULL, '2019-03-22', 28.082, NULL),
(3393, 26, NULL, '2019-03-22', 18.075, NULL),
(3394, 24, NULL, '2019-03-22', 300.098, NULL),
(3395, 23, NULL, '2019-03-22', 20.076, NULL),
(3396, 22, NULL, '2019-03-22', 344.235, NULL),
(3397, 21, NULL, '2019-03-22', 359.472, NULL),
(3398, 20, NULL, '2019-03-22', 14, NULL),
(3399, 10, NULL, '2019-03-22', 1192.644, NULL),
(3400, 8, NULL, '2019-03-22', 269.6, NULL),
(3401, 7, NULL, '2019-03-22', 1345.511, NULL),
(3402, 5, NULL, '2019-03-22', 2080.123, NULL),
(3403, 4, NULL, '2019-03-22', 82.661, NULL),
(3404, 3, NULL, '2019-03-22', 104.858, NULL),
(3405, 29, NULL, '2019-03-24', 15.153, NULL),
(3406, 28, NULL, '2019-03-24', 20.831, NULL),
(3407, 27, NULL, '2019-03-24', 29.748, NULL),
(3408, 26, NULL, '2019-03-24', 18.645, NULL),
(3409, 24, NULL, '2019-03-24', 305.471, NULL),
(3410, 23, NULL, '2019-03-24', 20.444, NULL),
(3411, 22, NULL, '2019-03-24', 348.576, NULL),
(3412, 21, NULL, '2019-03-24', 359.472, NULL),
(3413, 20, NULL, '2019-03-24', 14, NULL),
(3414, 10, NULL, '2019-03-24', 1194.845, NULL),
(3415, 8, NULL, '2019-03-24', 270.7, NULL),
(3416, 7, NULL, '2019-03-24', 1345.511, NULL),
(3417, 5, NULL, '2019-03-24', 2083.899, NULL),
(3418, 4, NULL, '2019-03-24', 82.87, NULL),
(3419, 3, NULL, '2019-03-24', 104.875, NULL),
(3420, 29, NULL, '2019-03-25', 15.216, NULL),
(3421, 28, NULL, '2019-03-25', 21.254, NULL),
(3422, 27, NULL, '2019-03-25', 30.395, NULL),
(3423, 26, NULL, '2019-03-25', 18.744, NULL),
(3424, 24, NULL, '2019-03-25', 306.34, NULL),
(3425, 23, NULL, '2019-03-25', 20.559, NULL),
(3426, 22, NULL, '2019-03-25', 349.576, NULL),
(3427, 21, NULL, '2019-03-25', 359.472, NULL),
(3428, 20, NULL, '2019-03-25', 14, NULL),
(3429, 10, NULL, '2019-03-25', 1194.845, NULL),
(3430, 8, NULL, '2019-03-25', 270.9, NULL),
(3431, 7, NULL, '2019-03-25', 1345.511, NULL),
(3432, 5, NULL, '2019-03-25', 2085.128, NULL),
(3433, 4, NULL, '2019-03-25', 82.882, NULL),
(3434, 3, NULL, '2019-03-25', 104.884, NULL),
(3435, 29, NULL, '2019-03-27', 15.563, NULL),
(3436, 28, NULL, '2019-03-27', 22.434, NULL),
(3437, 27, NULL, '2019-03-27', 31.158, NULL),
(3438, 26, NULL, '2019-03-27', 19.585, NULL),
(3439, 24, NULL, '2019-03-27', 307.873, NULL),
(3440, 23, NULL, '2019-03-27', 20.741, NULL),
(3441, 22, NULL, '2019-03-27', 356.484, NULL),
(3442, 21, NULL, '2019-03-27', 359.472, NULL),
(3443, 20, NULL, '2019-03-27', 14, NULL),
(3444, 10, NULL, '2019-03-27', 1199.409, NULL),
(3445, 8, NULL, '2019-03-27', 272.6, NULL),
(3446, 7, NULL, '2019-03-27', 1345.511, NULL),
(3447, 5, NULL, '2019-03-27', 2088.529, NULL),
(3448, 4, NULL, '2019-03-27', 83.881, NULL),
(3449, 3, NULL, '2019-03-27', 104.911, NULL),
(3450, 29, NULL, '2019-03-28', 15.881, NULL),
(3451, 28, NULL, '2019-03-28', 22.985, NULL),
(3452, 27, NULL, '2019-03-28', 31.566, NULL),
(3453, 26, NULL, '2019-03-28', 19.876, NULL),
(3454, 24, NULL, '2019-03-28', 308.793, NULL),
(3455, 23, NULL, '2019-03-28', 20.829, NULL),
(3456, 22, NULL, '2019-03-28', 356.484, NULL),
(3457, 21, NULL, '2019-03-28', 359.472, NULL),
(3458, 20, NULL, '2019-03-28', 14, NULL),
(3459, 10, NULL, '2019-03-28', 1201.925, NULL),
(3460, 8, NULL, '2019-03-28', 273.5, NULL),
(3462, 7, NULL, '2019-03-28', 1345.511, NULL),
(3463, 5, NULL, '2019-03-28', 2090.471, NULL),
(3464, 4, NULL, '2019-03-28', 83.881, NULL),
(3465, 3, NULL, '2019-03-28', 104.92, NULL),
(3466, 29, NULL, '2019-03-29', 16.22, NULL),
(3467, 28, NULL, '2019-03-29', 23.58, NULL),
(3468, 27, NULL, '2019-03-29', 31.818, NULL),
(3469, 26, NULL, '2019-03-29', 20.256, NULL),
(3470, 24, NULL, '2019-03-29', 309.645, NULL),
(3471, 23, NULL, '2019-03-29', 21.09, NULL),
(3472, 22, NULL, '2019-03-29', 361.554, NULL),
(3473, 21, NULL, '2019-03-29', 359.472, NULL),
(3474, 20, NULL, '2019-03-29', 14, NULL),
(3475, 10, NULL, '2019-03-29', 1202.899, NULL),
(3476, 8, NULL, '2019-03-29', 274.5, NULL),
(3477, 7, NULL, '2019-03-29', 1345.511, NULL),
(3478, 5, NULL, '2019-03-29', 2092.159, NULL),
(3479, 4, NULL, '2019-03-29', 83.881, NULL),
(3480, 3, NULL, '2019-03-29', 104.933, NULL),
(3481, 29, 2103, '2019-03-31', 16.81, NULL),
(3482, 28, NULL, '2019-03-31', 24.401, NULL),
(3483, 27, 2100, '2019-03-31', 33.478, NULL),
(3484, 26, 2113, '2019-03-31', 21.779, NULL),
(3485, 24, 2100, '2019-03-31', 312.396, NULL),
(3486, 23, 2112, '2019-03-31', 21.551, NULL),
(3487, 22, NULL, '2019-03-31', 361.854, NULL),
(3488, 21, NULL, '2019-03-31', 359.472, NULL),
(3489, 20, 2102, '2019-03-31', 14, NULL),
(3490, 10, NULL, '2019-03-31', 1205.418, NULL),
(3491, 8, 2102, '2019-03-31', 275.7, NULL),
(3492, 7, NULL, '2019-03-31', 1345.511, NULL),
(3493, 5, 2103, '2019-03-31', 2096.336, NULL),
(3494, 4, 2120, '2019-03-31', 83.881, NULL),
(3495, 3, NULL, '2019-03-31', 104.956, NULL),
(3496, 29, NULL, '2019-04-01', 16.969, NULL),
(3497, 28, NULL, '2019-04-01', 24.743, NULL),
(3498, 27, NULL, '2019-04-01', 33.753, NULL),
(3499, 26, NULL, '2019-04-01', 21.921, NULL),
(3500, 24, NULL, '2019-04-01', 312.901, NULL),
(3501, 23, NULL, '2019-04-01', 21.573, NULL),
(3502, 22, NULL, '2019-04-01', 361.854, NULL),
(3503, 21, NULL, '2019-04-01', 363.273, NULL),
(3504, 20, NULL, '2019-04-01', 14, NULL),
(3505, 10, NULL, '2019-04-01', 1205.529, NULL),
(3506, 8, NULL, '2019-04-01', 276, NULL),
(3507, 7, NULL, '2019-04-01', 1345.511, NULL),
(3508, 5, NULL, '2019-04-01', 2097.186, NULL),
(3509, 4, NULL, '2019-04-01', 83.881, NULL),
(3510, 3, NULL, '2019-04-01', 104.962, NULL),
(3511, 29, NULL, '2019-04-03', 17.752, NULL),
(3512, 28, NULL, '2019-04-03', 25.645, NULL),
(3513, 27, NULL, '2019-04-03', 34.586, NULL),
(3514, 26, NULL, '2019-04-03', 23.134, NULL),
(3515, 24, NULL, '2019-04-03', 314.749, NULL),
(3516, 23, NULL, '2019-04-03', 21.796, NULL),
(3517, 22, NULL, '2019-04-03', 374.958, NULL),
(3518, 20, NULL, '2019-04-04', 14, NULL),
(3519, 20, NULL, '2019-04-03', 14, NULL),
(3520, 10, NULL, '2019-04-03', 1208.739, NULL),
(3521, 8, NULL, '2019-04-03', 277.6, NULL),
(3522, 7, NULL, '2019-04-03', 1345.511, NULL),
(3523, 5, NULL, '2019-04-03', 2100.405, NULL),
(3524, 4, NULL, '2019-04-03', 83.881, NULL),
(3525, 3, NULL, '2019-04-03', 104.989, NULL),
(3526, 29, NULL, '2019-04-04', 18.123, NULL),
(3527, 28, NULL, '2019-04-04', 26.059, NULL),
(3528, 27, NULL, '2019-04-04', 35.123, NULL),
(3529, 26, NULL, '2019-04-04', 23.541, NULL),
(3530, 24, NULL, '2019-04-04', 315.488, NULL),
(3531, 23, NULL, '2019-04-04', 21.93, NULL),
(3532, 22, NULL, '2019-04-04', 378.352, NULL),
(3533, 10, NULL, '2019-04-04', 1209.839, NULL),
(3534, 8, NULL, '2019-04-04', 278.6, NULL),
(3535, 7, NULL, '2019-04-04', 1345.511, NULL),
(3536, 5, NULL, '2019-04-04', 2101.866, NULL),
(3537, 4, NULL, '2019-04-04', 83.881, NULL),
(3538, 3, NULL, '2019-04-04', 105.001, NULL),
(3539, 29, NULL, '2019-04-09', 19.813, NULL),
(3540, 28, NULL, '2019-04-09', 28.233, NULL),
(3541, 27, NULL, '2019-04-09', 37.592, NULL),
(3542, 26, NULL, '2019-04-09', 24.695, NULL),
(3543, 24, NULL, '2019-04-09', 322.354, NULL),
(3544, 23, NULL, '2019-04-09', 22.625, NULL),
(3545, 22, NULL, '2019-04-09', 388.153, NULL),
(3546, 21, NULL, '2019-04-09', 363.286, NULL),
(3547, 20, NULL, '2019-04-09', 14, NULL),
(3548, 10, NULL, '2019-04-09', 1217.395, NULL),
(3549, 7, NULL, '2019-04-09', 1345.511, NULL),
(3550, 8, NULL, '2019-04-09', 281.5, NULL),
(3551, 5, NULL, '2019-04-09', 2107.651, NULL),
(3552, 4, NULL, '2019-04-09', 83.881, NULL),
(3553, 3, NULL, '2019-04-09', 105.046, NULL);
INSERT INTO `wreading` (`wreading`, `wmeter`, `invoice`, `date`, `value`, `remark`) VALUES
(3554, 29, NULL, '2019-04-11', 20.375, NULL),
(3555, 28, NULL, '2019-04-11', 29.103, NULL),
(3556, 27, NULL, '2019-04-11', 38.688, NULL),
(3557, 26, NULL, '2019-04-11', 25.288, NULL),
(3558, 24, NULL, '2019-04-11', 327.594, NULL),
(3559, 23, NULL, '2019-04-11', 23.03, NULL),
(3560, 22, NULL, '2019-04-11', 392.234, NULL),
(3561, 21, NULL, '2019-04-11', 380.438, NULL),
(3562, 20, NULL, '2019-04-11', 14, NULL),
(3563, 10, NULL, '2019-04-11', 1219.508, NULL),
(3564, 8, NULL, '2019-04-11', 283.2, NULL),
(3565, 7, NULL, '2019-04-11', 1345.511, NULL),
(3566, 5, NULL, '2019-04-11', 2109.699, NULL),
(3567, 4, NULL, '2019-04-11', 83.881, NULL),
(3568, 3, NULL, '2019-04-11', 105.075, NULL),
(3569, 29, NULL, '2019-04-12', 20.443, NULL),
(3570, 28, NULL, '2019-04-12', 29.361, NULL),
(3571, 27, NULL, '2019-04-12', 39.381, NULL),
(3572, 26, NULL, '2019-04-12', 25.676, NULL),
(3573, 24, NULL, '2019-04-12', 329.923, NULL),
(3574, 23, NULL, '2019-04-12', 23.194, NULL),
(3575, 8, NULL, '2019-04-12', 284.4, NULL),
(3576, 22, NULL, '2019-04-12', 393.363, NULL),
(3577, 21, NULL, '2019-04-12', 380.439, NULL),
(3578, 20, NULL, '2019-04-12', 14, NULL),
(3579, 10, NULL, '2019-04-12', 1220.727, NULL),
(3580, 7, NULL, '2019-04-12', 1345.511, NULL),
(3581, 5, NULL, '2019-04-12', 2111.14, NULL),
(3582, 4, NULL, '2019-04-12', 83.881, NULL),
(3583, 3, NULL, '2019-04-12', 105.1, NULL),
(3584, 29, NULL, '2019-04-14', 20.826, NULL),
(3585, 28, NULL, '2019-04-14', 29.815, NULL),
(3586, 27, NULL, '2019-04-14', 41.673, NULL),
(3587, 26, NULL, '2019-04-14', 26.238, NULL),
(3588, 24, NULL, '2019-04-14', 336.291, NULL),
(3589, 23, NULL, '2019-04-14', 23.528, NULL),
(3590, 22, NULL, '2019-04-14', 399.011, NULL),
(3591, 21, NULL, '2019-04-14', 380.439, NULL),
(3592, 20, NULL, '2019-04-14', 14, NULL),
(3593, 10, NULL, '2019-04-14', 1222.822, NULL),
(3594, 8, NULL, '2019-04-14', 285.4, NULL),
(3595, 7, NULL, '2019-04-14', 1345.511, NULL),
(3596, 5, NULL, '2019-04-14', 2113.709, NULL),
(3597, 4, NULL, '2019-04-14', 83.991, NULL),
(3598, 3, NULL, '2019-04-14', 105.113, NULL),
(3599, 29, NULL, '2019-04-15', 20.972, NULL),
(3600, 28, NULL, '2019-04-15', 30.122, NULL),
(3601, 27, NULL, '2019-04-15', 41.741, NULL),
(3602, 26, NULL, '2019-04-15', 26.278, NULL),
(3603, 24, NULL, '2019-04-15', 336.323, NULL),
(3604, 23, NULL, '2019-04-15', 23.595, NULL),
(3605, 22, NULL, '2019-04-15', 401.517, NULL),
(3606, 21, NULL, '2019-04-15', 381.74, NULL),
(3607, 20, NULL, '2019-04-15', 14, NULL),
(3608, 10, NULL, '2019-04-15', 1224.77, NULL),
(3609, 8, NULL, '2019-04-15', 285.5, NULL),
(3610, 7, NULL, '2019-04-15', 1345.511, NULL),
(3611, 5, NULL, '2019-04-15', 2114.763, NULL),
(3612, 4, NULL, '2019-04-15', 83.991, NULL),
(3613, 3, NULL, '2019-04-15', 105.113, NULL),
(3614, 29, NULL, '2019-04-16', 21.047, NULL),
(3615, 28, NULL, '2019-04-16', 30.849, NULL),
(3616, 27, NULL, '2019-04-16', 42.258, NULL),
(3617, 26, NULL, '2019-04-16', 26.668, NULL),
(3618, 24, NULL, '2019-04-16', 339.734, NULL),
(3619, 23, NULL, '2019-04-16', 23.708, NULL),
(3620, 22, NULL, '2019-04-16', 401.517, NULL),
(3621, 21, NULL, '2019-04-16', 381.74, NULL),
(3622, 20, NULL, '2019-04-16', 14, NULL),
(3623, 10, NULL, '2019-04-16', 1227.642, NULL),
(3624, 8, NULL, '2019-04-16', 286.5, NULL),
(3625, 7, NULL, '2019-04-16', 1345.511, NULL),
(3626, 5, NULL, '2019-04-16', 2116.683, NULL),
(3627, 4, NULL, '2019-04-16', 84.057, NULL),
(3628, 3, NULL, '2019-04-16', 105.132, NULL),
(3629, 29, NULL, '2019-04-17', 21.047, NULL),
(3630, 28, NULL, '2019-04-17', 31.339, NULL),
(3631, 27, NULL, '2019-04-17', 43.342, NULL),
(3632, 26, NULL, '2019-04-17', 27.061, NULL),
(3633, 24, NULL, '2019-04-17', 339.834, NULL),
(3634, 23, NULL, '2019-04-17', 23.878, NULL),
(3635, 22, NULL, '2019-04-17', 408.637, NULL),
(3636, 21, NULL, '2019-04-17', 381.741, NULL),
(3637, 20, NULL, '2019-04-17', 14, NULL),
(3638, 10, NULL, '2019-04-17', 1228.673, NULL),
(3639, 8, NULL, '2019-04-17', 287.4, NULL),
(3640, 7, NULL, '2019-04-17', 1345.511, NULL),
(3641, 5, NULL, '2019-04-17', 2118.821, NULL),
(3642, 4, NULL, '2019-04-17', 84.154, NULL),
(3643, 3, NULL, '2019-04-17', 105.145, NULL),
(3644, 29, NULL, '2019-04-18', 21.284, NULL),
(3645, 28, NULL, '2019-04-18', 31.946, NULL),
(3646, 27, NULL, '2019-04-18', 44.019, NULL),
(3647, 26, NULL, '2019-04-18', 27.428, NULL),
(3648, 24, NULL, '2019-04-18', 346.455, NULL),
(3649, 23, NULL, '2019-04-18', 23.916, NULL),
(3650, 22, NULL, '2019-04-18', 411.57, NULL),
(3651, 21, NULL, '2019-04-18', 381.741, NULL),
(3652, 20, NULL, '2019-04-18', 14, NULL),
(3653, 10, NULL, '2019-04-18', 1231.552, NULL),
(3654, 8, NULL, '2019-04-18', 288.3, NULL),
(3655, 7, NULL, '2019-04-18', 1345.511, NULL),
(3656, 5, NULL, '2019-04-18', 2120.741, NULL),
(3657, 4, NULL, '2019-04-18', 84.257, NULL),
(3658, 3, NULL, '2019-04-18', 105.159, NULL),
(3659, 29, NULL, '2019-04-19', 21.562, NULL),
(3661, 28, NULL, '2019-04-19', 32.169, NULL),
(3662, 27, NULL, '2019-04-19', 44.601, NULL),
(3663, 26, NULL, '2019-04-19', 27.672, NULL),
(3664, 24, NULL, '2019-04-19', 350.052, NULL),
(3665, 23, NULL, '2019-04-19', 24.078, NULL),
(3666, 22, NULL, '2019-04-19', 412.361, NULL),
(3667, 21, NULL, '2019-04-19', 381.741, NULL),
(3668, 20, NULL, '2019-04-19', 14, NULL),
(3669, 10, NULL, '2019-04-19', 1232.711, NULL),
(3670, 8, NULL, '2019-04-19', 288.7, NULL),
(3671, 7, NULL, '2019-04-19', 1345.511, NULL),
(3672, 5, NULL, '2019-04-19', 2121.952, NULL),
(3673, 4, NULL, '2019-04-19', 84.266, NULL),
(3674, 3, NULL, '2019-04-19', 105.163, NULL),
(3675, 29, NULL, '2019-04-21', 22.212, NULL),
(3676, 28, NULL, '2019-04-21', 32.771, NULL),
(3677, 27, NULL, '2019-04-21', 46.247, NULL),
(3678, 26, NULL, '2019-04-21', 28.162, NULL),
(3679, 24, NULL, '2019-04-21', 358.236, NULL),
(3680, 23, NULL, '2019-04-21', 24.271, NULL),
(3681, 22, NULL, '2019-04-21', 418.797, NULL),
(3682, 21, NULL, '2019-04-21', 381.741, NULL),
(3683, 20, NULL, '2019-04-21', 14, NULL),
(3684, 10, NULL, '2019-04-21', 1233.391, NULL),
(3685, 8, NULL, '2019-04-21', 289.3, NULL),
(3686, 7, NULL, '2019-04-21', 1345.511, NULL),
(3687, 5, NULL, '2019-04-21', 2125.558, NULL),
(3688, 4, NULL, '2019-04-21', 84.375, NULL),
(3689, 3, NULL, '2019-04-21', 105.189, NULL),
(3690, 29, NULL, '2019-04-26', 23.963, NULL),
(3691, 28, NULL, '2019-04-26', 34.685, NULL),
(3692, 27, NULL, '2019-04-26', 49.757, NULL),
(3693, 26, NULL, '2019-04-26', 29.524, NULL),
(3694, 24, NULL, '2019-04-26', 382.992, NULL),
(3695, 23, NULL, '2019-04-26', 24.802, NULL),
(3696, 22, NULL, '2019-04-26', 430.622, NULL),
(3697, 21, NULL, '2019-04-26', 381.741, NULL),
(3698, 20, NULL, '2019-04-26', 14, NULL),
(3699, 10, NULL, '2019-04-26', 1236.291, NULL),
(3700, 8, NULL, '2019-04-26', 292.1, NULL),
(3702, 7, NULL, '2019-04-26', 1345.511, NULL),
(3703, 5, NULL, '2019-04-26', 2132.937, NULL),
(3704, 4, NULL, '2019-04-26', 84.686, NULL),
(3705, 3, NULL, '2019-04-26', 105.223, NULL),
(3706, 29, NULL, '2019-04-28', 24.923, NULL),
(3707, 28, NULL, '2019-04-28', 35.451, NULL),
(3708, 27, NULL, '2019-04-28', 51.784, NULL),
(3709, 26, NULL, '2019-04-28', 30.084, NULL),
(3710, 24, NULL, '2019-04-28', 394.293, NULL),
(3711, 23, NULL, '2019-04-28', 25.158, NULL),
(3712, 22, NULL, '2019-04-28', 437.161, NULL),
(3713, 21, NULL, '2019-04-28', 381.741, NULL),
(3714, 20, NULL, '2019-04-28', 14, NULL),
(3715, 10, NULL, '2019-04-28', 1239.367, NULL),
(3716, 8, NULL, '2019-04-28', 293.3, NULL),
(3717, 7, NULL, '2019-04-28', 1345.511, NULL),
(3718, 5, NULL, '2019-04-28', 2135.762, NULL),
(3719, 4, NULL, '2019-04-28', 84.846, NULL),
(3720, 3, NULL, '2019-04-28', 105.244, NULL),
(3721, 29, NULL, '2019-04-29', 25.169, NULL),
(3722, 28, NULL, '2019-04-29', 36.042, NULL),
(3723, 27, NULL, '2019-04-29', 52.381, NULL),
(3724, 26, NULL, '2019-04-29', 30.233, NULL),
(3725, 24, NULL, '2019-04-29', 396.711, NULL),
(3726, 23, NULL, '2019-04-29', 25.222, NULL),
(3727, 22, NULL, '2019-04-29', 437.161, NULL),
(3728, 21, NULL, '2019-04-29', 381.741, NULL),
(3729, 20, NULL, '2019-04-29', 14, NULL),
(3730, 10, NULL, '2019-04-29', 1240.405, NULL),
(3731, 8, NULL, '2019-04-29', 293.3, NULL),
(3732, 7, NULL, '2019-04-29', 1345.511, NULL),
(3733, 5, NULL, '2019-04-29', 2136.771, NULL),
(3734, 4, NULL, '2019-04-29', 84.862, NULL),
(3735, 3, NULL, '2019-04-29', 105.248, NULL);

-- --------------------------------------------------------

--
-- Structure for view `all_ebills`
--
DROP TABLE IF EXISTS `all_ebills`;

CREATE ALGORITHM=UNDEFINED DEFINER=`mutallco`@`localhost` SQL SECURITY DEFINER VIEW `all_ebills`  AS  select `ebill`.`due_date` AS `due_date`,`eaccount`.`num` AS `num`,`eaccount`.`name` AS `name`,`ebill`.`current_amount` AS `current_amount` from (`ebill` join `eaccount` on(`ebill`.`eaccount` = `eaccount`.`eaccount`)) ;

--
-- Indexes for dumped tables
--

--
-- Indexes for table `agreement`
--
ALTER TABLE `agreement`
  ADD PRIMARY KEY (`agreement`),
  ADD UNIQUE KEY `identification1` (`client`,`room`,`start_date`),
  ADD KEY `room` (`room`);

--
-- Indexes for table `balance_initial`
--
ALTER TABLE `balance_initial`
  ADD PRIMARY KEY (`balance_initial`),
  ADD UNIQUE KEY `identification2` (`client`,`date`),
  ADD KEY `invoice` (`invoice`);

--
-- Indexes for table `business`
--
ALTER TABLE `business`
  ADD PRIMARY KEY (`business`),
  ADD UNIQUE KEY `identification13` (`name`),
  ADD UNIQUE KEY `identification23` (`ceo`);

--
-- Indexes for table `charge`
--
ALTER TABLE `charge`
  ADD PRIMARY KEY (`charge`),
  ADD UNIQUE KEY `id4` (`invoice`,`service`),
  ADD KEY `service` (`service`);

--
-- Indexes for table `client`
--
ALTER TABLE `client`
  ADD PRIMARY KEY (`client`),
  ADD UNIQUE KEY `id5` (`name`);

--
-- Indexes for table `closing_balance`
--
ALTER TABLE `closing_balance`
  ADD PRIMARY KEY (`closing_balance`),
  ADD UNIQUE KEY `id6` (`invoice`);

--
-- Indexes for table `credit`
--
ALTER TABLE `credit`
  ADD PRIMARY KEY (`credit`),
  ADD UNIQUE KEY `id7` (`client`,`reason`,`date`),
  ADD KEY `invoice` (`invoice`);

--
-- Indexes for table `debit`
--
ALTER TABLE `debit`
  ADD PRIMARY KEY (`debit`),
  ADD UNIQUE KEY `id8` (`client`,`reason`,`date`),
  ADD KEY `invoice` (`invoice`);

--
-- Indexes for table `eaccount`
--
ALTER TABLE `eaccount`
  ADD PRIMARY KEY (`eaccount`),
  ADD UNIQUE KEY `id9` (`num`);

--
-- Indexes for table `ebill`
--
ALTER TABLE `ebill`
  ADD PRIMARY KEY (`ebill`),
  ADD UNIQUE KEY `identification10` (`eaccount`,`due_date`),
  ADD KEY `msg` (`msg`),
  ADD KEY `invoice` (`invoice`);

--
-- Indexes for table `econnection`
--
ALTER TABLE `econnection`
  ADD PRIMARY KEY (`econnection`),
  ADD UNIQUE KEY `id11` (`room`,`emeter`,`end_date`),
  ADD KEY `emeter` (`emeter`);

--
-- Indexes for table `electricity`
--
ALTER TABLE `electricity`
  ADD PRIMARY KEY (`electricity`),
  ADD UNIQUE KEY `id12` (`eaccount`,`invoice`),
  ADD KEY `invoice` (`invoice`);

--
-- Indexes for table `elink`
--
ALTER TABLE `elink`
  ADD PRIMARY KEY (`elink`),
  ADD UNIQUE KEY `id13` (`emeter`,`eaccount`),
  ADD KEY `eaccount` (`eaccount`);

--
-- Indexes for table `emeter`
--
ALTER TABLE `emeter`
  ADD PRIMARY KEY (`emeter`),
  ADD UNIQUE KEY `id14` (`num`);

--
-- Indexes for table `ereading`
--
ALTER TABLE `ereading`
  ADD PRIMARY KEY (`ereading`),
  ADD UNIQUE KEY `identification15` (`emeter`,`date`),
  ADD KEY `invoice` (`invoice`);

--
-- Indexes for table `invoice`
--
ALTER TABLE `invoice`
  ADD PRIMARY KEY (`invoice`),
  ADD UNIQUE KEY `id16` (`client`,`period`,`is_valid`),
  ADD KEY `period` (`period`);

--
-- Indexes for table `job`
--
ALTER TABLE `job`
  ADD PRIMARY KEY (`job`),
  ADD UNIQUE KEY `id17` (`name`);

--
-- Indexes for table `mobile`
--
ALTER TABLE `mobile`
  ADD PRIMARY KEY (`mobile`),
  ADD UNIQUE KEY `id18` (`num`),
  ADD KEY `client` (`client`);

--
-- Indexes for table `msg`
--
ALTER TABLE `msg`
  ADD PRIMARY KEY (`msg`),
  ADD UNIQUE KEY `id19` (`id`);

--
-- Indexes for table `note`
--
ALTER TABLE `note`
  ADD PRIMARY KEY (`note`),
  ADD UNIQUE KEY `id20` (`invoice`);

--
-- Indexes for table `payment`
--
ALTER TABLE `payment`
  ADD PRIMARY KEY (`payment`),
  ADD UNIQUE KEY `id21` (`client`,`date`),
  ADD KEY `invoice` (`invoice`);

--
-- Indexes for table `period`
--
ALTER TABLE `period`
  ADD PRIMARY KEY (`period`),
  ADD UNIQUE KEY `identification22` (`year`,`month`);

--
-- Indexes for table `picture`
--
ALTER TABLE `picture`
  ADD PRIMARY KEY (`picture`),
  ADD UNIQUE KEY `identification23` (`room`,`name`);

--
-- Indexes for table `rent`
--
ALTER TABLE `rent`
  ADD PRIMARY KEY (`rent`),
  ADD UNIQUE KEY `id24` (`invoice`,`agreement`),
  ADD KEY `agreement` (`agreement`);

--
-- Indexes for table `room`
--
ALTER TABLE `room`
  ADD PRIMARY KEY (`room`),
  ADD UNIQUE KEY `identification25` (`uid`);

--
-- Indexes for table `service`
--
ALTER TABLE `service`
  ADD PRIMARY KEY (`service`),
  ADD UNIQUE KEY `id26` (`name`);

--
-- Indexes for table `subscription`
--
ALTER TABLE `subscription`
  ADD PRIMARY KEY (`subscription`),
  ADD UNIQUE KEY `id27` (`client`,`service`),
  ADD KEY `service` (`service`);

--
-- Indexes for table `water`
--
ALTER TABLE `water`
  ADD PRIMARY KEY (`water`),
  ADD UNIQUE KEY `id28` (`wconnection`,`invoice`),
  ADD KEY `invoice` (`invoice`);

--
-- Indexes for table `wconnection`
--
ALTER TABLE `wconnection`
  ADD PRIMARY KEY (`wconnection`),
  ADD UNIQUE KEY `id29` (`room`,`wmeter`,`end_date`),
  ADD KEY `wmeter` (`wmeter`);

--
-- Indexes for table `wmeter`
--
ALTER TABLE `wmeter`
  ADD PRIMARY KEY (`wmeter`),
  ADD UNIQUE KEY `id30` (`serial_no`);

--
-- Indexes for table `wreading`
--
ALTER TABLE `wreading`
  ADD PRIMARY KEY (`wreading`),
  ADD UNIQUE KEY `identification31` (`date`,`wmeter`),
  ADD KEY `wmeter` (`wmeter`),
  ADD KEY `invoice` (`invoice`);

--
-- AUTO_INCREMENT for dumped tables
--

--
-- AUTO_INCREMENT for table `agreement`
--
ALTER TABLE `agreement`
  MODIFY `agreement` int(11) NOT NULL AUTO_INCREMENT, AUTO_INCREMENT=45;

--
-- AUTO_INCREMENT for table `balance_initial`
--
ALTER TABLE `balance_initial`
  MODIFY `balance_initial` int(11) NOT NULL AUTO_INCREMENT, AUTO_INCREMENT=25;

--
-- AUTO_INCREMENT for table `business`
--
ALTER TABLE `business`
  MODIFY `business` int(11) NOT NULL AUTO_INCREMENT, AUTO_INCREMENT=2;

--
-- AUTO_INCREMENT for table `charge`
--
ALTER TABLE `charge`
  MODIFY `charge` int(11) NOT NULL AUTO_INCREMENT, AUTO_INCREMENT=1648;

--
-- AUTO_INCREMENT for table `client`
--
ALTER TABLE `client`
  MODIFY `client` int(11) NOT NULL AUTO_INCREMENT, AUTO_INCREMENT=33;

--
-- AUTO_INCREMENT for table `closing_balance`
--
ALTER TABLE `closing_balance`
  MODIFY `closing_balance` int(11) NOT NULL AUTO_INCREMENT, AUTO_INCREMENT=1367;

--
-- AUTO_INCREMENT for table `credit`
--
ALTER TABLE `credit`
  MODIFY `credit` int(11) NOT NULL AUTO_INCREMENT, AUTO_INCREMENT=28;

--
-- AUTO_INCREMENT for table `debit`
--
ALTER TABLE `debit`
  MODIFY `debit` int(11) NOT NULL AUTO_INCREMENT, AUTO_INCREMENT=13;

--
-- AUTO_INCREMENT for table `eaccount`
--
ALTER TABLE `eaccount`
  MODIFY `eaccount` int(11) NOT NULL AUTO_INCREMENT, AUTO_INCREMENT=32;

--
-- AUTO_INCREMENT for table `ebill`
--
ALTER TABLE `ebill`
  MODIFY `ebill` int(11) NOT NULL AUTO_INCREMENT, AUTO_INCREMENT=1636;

--
-- AUTO_INCREMENT for table `econnection`
--
ALTER TABLE `econnection`
  MODIFY `econnection` int(11) NOT NULL AUTO_INCREMENT, AUTO_INCREMENT=42;

--
-- AUTO_INCREMENT for table `electricity`
--
ALTER TABLE `electricity`
  MODIFY `electricity` int(11) NOT NULL AUTO_INCREMENT, AUTO_INCREMENT=1292;

--
-- AUTO_INCREMENT for table `elink`
--
ALTER TABLE `elink`
  MODIFY `elink` int(11) NOT NULL AUTO_INCREMENT, AUTO_INCREMENT=32;

--
-- AUTO_INCREMENT for table `emeter`
--
ALTER TABLE `emeter`
  MODIFY `emeter` int(11) NOT NULL AUTO_INCREMENT, AUTO_INCREMENT=33;

--
-- AUTO_INCREMENT for table `ereading`
--
ALTER TABLE `ereading`
  MODIFY `ereading` int(11) NOT NULL AUTO_INCREMENT;

--
-- AUTO_INCREMENT for table `invoice`
--
ALTER TABLE `invoice`
  MODIFY `invoice` int(11) NOT NULL AUTO_INCREMENT, AUTO_INCREMENT=2165;

--
-- AUTO_INCREMENT for table `job`
--
ALTER TABLE `job`
  MODIFY `job` int(11) NOT NULL AUTO_INCREMENT;

--
-- AUTO_INCREMENT for table `mobile`
--
ALTER TABLE `mobile`
  MODIFY `mobile` int(11) NOT NULL AUTO_INCREMENT, AUTO_INCREMENT=16;

--
-- AUTO_INCREMENT for table `msg`
--
ALTER TABLE `msg`
  MODIFY `msg` int(11) NOT NULL AUTO_INCREMENT, AUTO_INCREMENT=1896;

--
-- AUTO_INCREMENT for table `note`
--
ALTER TABLE `note`
  MODIFY `note` int(11) NOT NULL AUTO_INCREMENT;

--
-- AUTO_INCREMENT for table `payment`
--
ALTER TABLE `payment`
  MODIFY `payment` int(11) NOT NULL AUTO_INCREMENT, AUTO_INCREMENT=63;

--
-- AUTO_INCREMENT for table `period`
--
ALTER TABLE `period`
  MODIFY `period` int(11) NOT NULL AUTO_INCREMENT, AUTO_INCREMENT=124;

--
-- AUTO_INCREMENT for table `picture`
--
ALTER TABLE `picture`
  MODIFY `picture` int(11) NOT NULL AUTO_INCREMENT;

--
-- AUTO_INCREMENT for table `rent`
--
ALTER TABLE `rent`
  MODIFY `rent` int(11) NOT NULL AUTO_INCREMENT, AUTO_INCREMENT=2630;

--
-- AUTO_INCREMENT for table `room`
--
ALTER TABLE `room`
  MODIFY `room` int(11) NOT NULL AUTO_INCREMENT, AUTO_INCREMENT=53;

--
-- AUTO_INCREMENT for table `service`
--
ALTER TABLE `service`
  MODIFY `service` int(11) NOT NULL AUTO_INCREMENT, AUTO_INCREMENT=7;

--
-- AUTO_INCREMENT for table `subscription`
--
ALTER TABLE `subscription`
  MODIFY `subscription` int(11) NOT NULL AUTO_INCREMENT, AUTO_INCREMENT=26;

--
-- AUTO_INCREMENT for table `water`
--
ALTER TABLE `water`
  MODIFY `water` int(11) NOT NULL AUTO_INCREMENT, AUTO_INCREMENT=650;

--
-- AUTO_INCREMENT for table `wconnection`
--
ALTER TABLE `wconnection`
  MODIFY `wconnection` int(11) NOT NULL AUTO_INCREMENT, AUTO_INCREMENT=22;

--
-- AUTO_INCREMENT for table `wmeter`
--
ALTER TABLE `wmeter`
  MODIFY `wmeter` int(11) NOT NULL AUTO_INCREMENT, AUTO_INCREMENT=30;

--
-- AUTO_INCREMENT for table `wreading`
--
ALTER TABLE `wreading`
  MODIFY `wreading` int(11) NOT NULL AUTO_INCREMENT, AUTO_INCREMENT=3736;

--
-- Constraints for dumped tables
--

--
-- Constraints for table `agreement`
--
ALTER TABLE `agreement`
  ADD CONSTRAINT `agreement_ibfk_1` FOREIGN KEY (`room`) REFERENCES `room` (`room`),
  ADD CONSTRAINT `agreement_ibfk_2` FOREIGN KEY (`client`) REFERENCES `client` (`client`);

--
-- Constraints for table `balance_initial`
--
ALTER TABLE `balance_initial`
  ADD CONSTRAINT `balance_initial_ibfk_1` FOREIGN KEY (`client`) REFERENCES `client` (`client`),
  ADD CONSTRAINT `balance_initial_ibfk_2` FOREIGN KEY (`invoice`) REFERENCES `invoice` (`invoice`);

--
-- Constraints for table `charge`
--
ALTER TABLE `charge`
  ADD CONSTRAINT `charge_ibfk_1` FOREIGN KEY (`service`) REFERENCES `service` (`service`),
  ADD CONSTRAINT `charge_ibfk_2` FOREIGN KEY (`invoice`) REFERENCES `invoice` (`invoice`);

--
-- Constraints for table `closing_balance`
--
ALTER TABLE `closing_balance`
  ADD CONSTRAINT `closing_balance_ibfk_1` FOREIGN KEY (`invoice`) REFERENCES `invoice` (`invoice`);

--
-- Constraints for table `credit`
--
ALTER TABLE `credit`
  ADD CONSTRAINT `credit_ibfk_1` FOREIGN KEY (`client`) REFERENCES `client` (`client`),
  ADD CONSTRAINT `credit_ibfk_2` FOREIGN KEY (`invoice`) REFERENCES `invoice` (`invoice`);

--
-- Constraints for table `debit`
--
ALTER TABLE `debit`
  ADD CONSTRAINT `debit_ibfk_1` FOREIGN KEY (`client`) REFERENCES `client` (`client`),
  ADD CONSTRAINT `debit_ibfk_2` FOREIGN KEY (`invoice`) REFERENCES `invoice` (`invoice`);

--
-- Constraints for table `ebill`
--
ALTER TABLE `ebill`
  ADD CONSTRAINT `ebill_ibfk_1` FOREIGN KEY (`msg`) REFERENCES `msg` (`msg`),
  ADD CONSTRAINT `ebill_ibfk_2` FOREIGN KEY (`eaccount`) REFERENCES `eaccount` (`eaccount`),
  ADD CONSTRAINT `ebill_ibfk_3` FOREIGN KEY (`invoice`) REFERENCES `invoice` (`invoice`);

--
-- Constraints for table `econnection`
--
ALTER TABLE `econnection`
  ADD CONSTRAINT `econnection_ibfk_1` FOREIGN KEY (`room`) REFERENCES `room` (`room`),
  ADD CONSTRAINT `econnection_ibfk_2` FOREIGN KEY (`emeter`) REFERENCES `emeter` (`emeter`);

--
-- Constraints for table `electricity`
--
ALTER TABLE `electricity`
  ADD CONSTRAINT `electricity_ibfk_1` FOREIGN KEY (`eaccount`) REFERENCES `eaccount` (`eaccount`),
  ADD CONSTRAINT `electricity_ibfk_2` FOREIGN KEY (`invoice`) REFERENCES `invoice` (`invoice`);

--
-- Constraints for table `elink`
--
ALTER TABLE `elink`
  ADD CONSTRAINT `elink_ibfk_1` FOREIGN KEY (`emeter`) REFERENCES `emeter` (`emeter`),
  ADD CONSTRAINT `elink_ibfk_2` FOREIGN KEY (`eaccount`) REFERENCES `eaccount` (`eaccount`);

--
-- Constraints for table `ereading`
--
ALTER TABLE `ereading`
  ADD CONSTRAINT `ereading_ibfk_1` FOREIGN KEY (`emeter`) REFERENCES `emeter` (`emeter`),
  ADD CONSTRAINT `ereading_ibfk_2` FOREIGN KEY (`invoice`) REFERENCES `invoice` (`invoice`);

--
-- Constraints for table `invoice`
--
ALTER TABLE `invoice`
  ADD CONSTRAINT `invoice_ibfk_1` FOREIGN KEY (`client`) REFERENCES `client` (`client`),
  ADD CONSTRAINT `invoice_ibfk_2` FOREIGN KEY (`period`) REFERENCES `period` (`period`);

--
-- Constraints for table `mobile`
--
ALTER TABLE `mobile`
  ADD CONSTRAINT `mobile_ibfk_1` FOREIGN KEY (`client`) REFERENCES `client` (`client`);

--
-- Constraints for table `note`
--
ALTER TABLE `note`
  ADD CONSTRAINT `note_ibfk_1` FOREIGN KEY (`invoice`) REFERENCES `invoice` (`invoice`);

--
-- Constraints for table `payment`
--
ALTER TABLE `payment`
  ADD CONSTRAINT `payment_ibfk_1` FOREIGN KEY (`client`) REFERENCES `client` (`client`),
  ADD CONSTRAINT `payment_ibfk_2` FOREIGN KEY (`invoice`) REFERENCES `invoice` (`invoice`);

--
-- Constraints for table `picture`
--
ALTER TABLE `picture`
  ADD CONSTRAINT `picture_ibfk_1` FOREIGN KEY (`room`) REFERENCES `room` (`room`);

--
-- Constraints for table `rent`
--
ALTER TABLE `rent`
  ADD CONSTRAINT `rent_ibfk_1` FOREIGN KEY (`invoice`) REFERENCES `invoice` (`invoice`),
  ADD CONSTRAINT `rent_ibfk_2` FOREIGN KEY (`agreement`) REFERENCES `agreement` (`agreement`);

--
-- Constraints for table `subscription`
--
ALTER TABLE `subscription`
  ADD CONSTRAINT `subscription_ibfk_1` FOREIGN KEY (`client`) REFERENCES `client` (`client`),
  ADD CONSTRAINT `subscription_ibfk_2` FOREIGN KEY (`service`) REFERENCES `service` (`service`);

--
-- Constraints for table `water`
--
ALTER TABLE `water`
  ADD CONSTRAINT `water_ibfk_1` FOREIGN KEY (`wconnection`) REFERENCES `wconnection` (`wconnection`),
  ADD CONSTRAINT `water_ibfk_2` FOREIGN KEY (`invoice`) REFERENCES `invoice` (`invoice`);

--
-- Constraints for table `wconnection`
--
ALTER TABLE `wconnection`
  ADD CONSTRAINT `wconnection_ibfk_1` FOREIGN KEY (`room`) REFERENCES `room` (`room`),
  ADD CONSTRAINT `wconnection_ibfk_2` FOREIGN KEY (`wmeter`) REFERENCES `wmeter` (`wmeter`);

--
-- Constraints for table `wreading`
--
ALTER TABLE `wreading`
  ADD CONSTRAINT `wreading_ibfk_1` FOREIGN KEY (`wmeter`) REFERENCES `wmeter` (`wmeter`),
  ADD CONSTRAINT `wreading_ibfk_2` FOREIGN KEY (`invoice`) REFERENCES `invoice` (`invoice`);
COMMIT;

/*!40101 SET CHARACTER_SET_CLIENT=@OLD_CHARACTER_SET_CLIENT */;
/*!40101 SET CHARACTER_SET_RESULTS=@OLD_CHARACTER_SET_RESULTS */;
/*!40101 SET COLLATION_CONNECTION=@OLD_COLLATION_CONNECTION */;
